jp,cn,kind,chapter,basis,evidence_rows
インド,印度,term,本作；详见使用限制 / 020_UAF_DAY91_01 / 040_UAF_DAY94_01 / 090_UAF_DAY99_03 / 020_UAF_DAY91_01.egpack,仅作翻译审校参考；确认对应专名/军事称谓后使用，不自动替换正文,2;136;556
ウィル,威尔,term,具体篇章／场景见关联来源,仅指人物威尔；不得匹配ウィルス等词的一部分,3;137;418;475;503;850
ウィルバート・コリンズ,威尔伯特·柯林斯,term,本作；详见使用限制 / 030_UAF_DAY93_01 / 090_UAF_DAY99_01 / 090_UAF_DAY99_03 / 020_UAF_DAY91_01.egpack,仅作翻译审校参考；确认对应专名/军事称谓后使用，不自动替换正文,4;138;548
ウィルバート・Ｄ・コリンズ,威尔伯特·D·柯林斯,term,本作；详见使用限制 / 020_UAF_DAY91_01 / 040_UAF_DAY94_01 / 050_UAF_DAY95_01 / 020_UAF_DAY91_01.egpack,仅作翻译审校参考；确认对应专名/军事称谓后使用，不自动替换正文,5;139;575
ウォードッグ,战犬,term,本作；详见使用限制 / 100_UAF_DAY100_01,仅作翻译审校参考；确认对应专名/军事称谓后使用，不自动替换正文,6;141;412;468;871
オーストラリア,澳大利亚,term,本作；详见使用限制 / 020_UAF_DAY91_01 / 030_UAF_DAY93_01 / 040_UAF_DAY94_01 / 020_UAF_DAY91_01.egpack,仅作翻译审校参考；确认对应专名/军事称谓后使用，不自动替换正文,7;147;534
オールストン准将,奥尔斯顿准将,term,具体篇章／场景见关联来源,仅作翻译审校参考；确认对应专名/军事称谓后使用，不自动替换正文,8;148;853
オール・ナイヴス,黑刀全机,term,本作；详见使用限制 / 090_UAF_DAY99_01 / 090_UAF_DAY99_02 / 090_UAF_DAY99_03 / 090_UAF_DAY99_01.egpack,仅作翻译审校参考；确认对应专名/军事称谓后使用，不自动替换正文；2026-09-20 用户确认；docs/research/localization/reviews/age2-terminology-20260920.json；仅在对应专名语境使用。,9;149;603
オール・バスターズ,破坏者全机,term,本作；详见使用限制 / 090_UAF_DAY99_02 / 090_UAF_DAY99_02.egpack,仅作翻译审校参考；确认对应专名/军事称谓后使用，不自动替换正文,10;150;751
カレン・グラーノ,卡伦·格拉诺,term,本作；详见使用限制 / 070_UAF_DAY97_01.egpack,仅作翻译审校参考；确认对应专名/军事称谓后使用，不自动替换正文,11;755
キング,国王号,term,本作；详见使用限制 / 030_UAF_DAY93_01 / 030_UAF_DAY93_01.egpack,仅指相应舰名/呼号；不是普通名词 king 的统一译法,12;153;612;659
グラハム・ローゼンバーグ,格雷厄姆·罗森伯格,term,本作；详见使用限制 / 080_UAF_DAY98_01.egpack,仅作翻译审校参考；确认对应专名/军事称谓后使用，不自动替换正文,13;766
ケネディ,肯尼迪,term,本作；详见使用限制 / 030_UAF_DAY93_01 / 040_UAF_DAY94_01 / 060_UAF_DAY96_01 / 030_UAF_DAY93_01.egpack,仅作翻译审校参考；确认对应专名/军事称谓后使用，不自动替换正文,14;155;560
ケネディ・コントロール,肯尼迪管制,term,本作；详见使用限制 / 020_UAF_DAY91_01 / 020_UAF_DAY91_01.egpack,仅作翻译审校参考；确认对应专名/军事称谓后使用，不自动替换正文,15;156;699
ケネディ・ホテル,肯尼迪旅馆,term,本作；详见使用限制 / 030_UAF_DAY93_01 / 030_UAF_DAY93_01.egpack,仅作翻译审校参考；确认对应专名/军事称谓后使用，不自动替换正文,16;157;774
ゲティスバーグ,葛底斯堡,term,具体篇章／场景见关联来源,仅作翻译审校参考；确认对应专名/军事称谓后使用，不自动替换正文,17;159;536;545
コリンズ,柯林斯,term,具体篇章／场景见关联来源,仅作翻译审校参考；确认对应专名/军事称谓后使用，不自动替换正文,18;161;559
コード８１１,代码811,term,本作；详见使用限制 / 090_UAF_DAY99_01 / 090_UAF_DAY99_01.egpack,仅作翻译审校参考；确认对应专名/军事称谓后使用，不自动替换正文,19;163;756
ゴルフセット,高尔夫套件,term,本作；详见使用限制 / 090_UAF_DAY99_01 / 090_UAF_DAY99_03 / 090_UAF_DAY99_01.egpack,仅作翻译审校参考；确认对应专名/军事称谓后使用，不自动替换正文,20;164;441;498;870
ゴーファー・ステート,戈弗州,term,具体篇章／场景见关联来源,仅作翻译审校参考；确认对应专名/军事称谓后使用，不自动替换正文,21;165;606;690
シアトル,西雅图,term,具体篇章／场景见关联来源,仅作翻译审校参考；确认对应专名/军事称谓后使用，不自动替换正文,22;166;409;465;542;613
シェルベリ,谢尔贝里,term,具体篇章／场景见关联来源,仅作翻译审校参考；确认对应专名/军事称谓后使用，不自动替换正文,23;167;517
シドニー,悉尼,term,具体篇章／场景见关联来源,仅作翻译审校参考；确认对应专名/军事称谓后使用，不自动替换正文,24;168;518;546
ジャンヌ・デュカス,让娜·迪卡斯,term,本作；详见使用限制 / 050_UAF_DAY95_01.egpack,仅作翻译审校参考；确认对应专名/军事称谓后使用，不自动替换正文,25;666
ジョン・Ｆ・ケネディ,约翰·F·肯尼迪,term,本作；详见使用限制 / 020_UAF_DAY91_01 / 030_UAF_DAY93_01 / 060_UAF_DAY96_01 / 020_UAF_DAY91_01.egpack,仅作翻译审校参考；确认对应专名/军事称谓后使用，不自动替换正文,26;171;549
ジョージ・オールストン,乔治·奥尔斯顿,term,本作；详见使用限制 / 030_UAF_DAY93_01 / 060_UAF_DAY96_01 / 030_UAF_DAY93_01.egpack,仅作翻译审校参考；确认对应专名/军事称谓后使用，不自动替换正文,27;173;411;467;576
ジョージ・ワシントン,乔治·华盛顿,term,本作；详见使用限制 / 040_UAF_DAY94_01 / 040_UAF_DAY94_01.egpack,仅作翻译审校参考；确认对应专名/军事称谓后使用，不自动替换正文,28;174;691
ジーン・カミンスキー,吉恩·卡明斯基,term,本作；详见使用限制 / 090_UAF_DAY99_03 / 090_UAF_DAY99_03.egpack,仅作翻译审校参考；确认对应专名/军事称谓后使用，不自动替换正文,29;175;757
ズムウォルト,朱姆沃尔特,term,本作；详见使用限制 / 030_UAF_DAY93_01 / 030_UAF_DAY93_01.egpack,仅作翻译审校参考；确认对应专名/军事称谓后使用，不自动替换正文,30;178;692
ソルティ・ベース,索尔蒂基地,term,本作；详见使用限制 / 020_UAF_DAY91_01 / 050_UAF_DAY95_01 / 090_UAF_DAY99_01 / 020_UAF_DAY91_01.egpack,仅作翻译审校参考；确认对应专名/军事称谓后使用，不自动替换正文,31;180;515
ダリル,达里尔,term,具体篇章／场景见关联来源,仅作翻译审校参考；确认对应专名/军事称谓后使用，不自动替换正文,32;183;420;477;521;854
ダリル・ザ・ビッグマム・マクマナス,达里尔·“Big Mom”·麦克马纳斯,term,本作；详见使用限制 / 040_UAF_DAY94_01.egpack,仅作翻译审校参考；确认对应专名/军事称谓后使用，不自动替换正文,33;771
ダリル・マクマナス,达里尔·麦克马纳斯,term,本作；详见使用限制 / 090_UAF_DAY99_03 / 020_UAF_DAY91_01.egpack,仅作翻译审校参考；确认对应专名/军事称谓后使用，不自动替换正文,34;184;698
ダリル・Ａ・マクマナス,达里尔·A·麦克马纳斯,term,本作；详见使用限制 / 040_UAF_DAY94_01.egpack,仅作翻译审校参考；确认对应专名/军事称谓后使用，不自动替换正文,35;772
デニス・モンロー,丹尼斯·门罗,term,本作；详见使用限制 / 090_UAF_DAY99_03.egpack,仅作翻译审校参考；确认对应专名/军事称谓后使用，不自动替换正文,36;759
ナイヴス,黑刀,term,具体篇章／场景见关联来源,仅作翻译审校参考；确认对应专名/军事称谓后使用，不自动替换正文；2026-09-20 用户确认；docs/research/localization/reviews/age2-terminology-20260920.json；仅在对应专名语境使用。,37;191;439;496;554
ナイヴス・リード,黑刀长机,term,本作；详见使用限制 / 020_UAF_DAY91_01 / 050_UAF_DAY95_01 / 020_UAF_DAY91_01.egpack,仅作翻译审校参考；确认对应专名/军事称谓后使用，不自动替换正文；2026-09-20 用户确认；docs/research/localization/reviews/age2-terminology-20260920.json；仅在对应专名语境使用。,38;192;604
ナイヴス１,黑刀1,term,具体篇章／场景见关联来源,仅作翻译审校参考；确认对应专名/军事称谓后使用，不自动替换正文；2026-09-20 用户确认；docs/research/localization/reviews/age2-terminology-20260920.json；仅在对应专名语境使用。,39;193;510
ナイヴス２,黑刀2,term,具体篇章／场景见关联来源,仅作翻译审校参考；确认对应专名/军事称谓后使用，不自动替换正文；2026-09-20 用户确认；docs/research/localization/reviews/age2-terminology-20260920.json；仅在对应专名语境使用。,40;194;421;478;507
ナイヴス３,黑刀3,term,具体篇章／场景见关联来源,仅作翻译审校参考；确认对应专名/军事称谓后使用，不自动替换正文；2026-09-20 用户确认；docs/research/localization/reviews/age2-terminology-20260920.json；仅在对应专名语境使用。,41;195;422;479;512
ナイヴス３カタパルト,黑刀3弹射器,term,本作；详见使用限制 / 090_UAF_DAY99_03 / 090_UAF_DAY99_03.egpack,仅作翻译审校参考；确认对应专名/军事称谓后使用，不自动替换正文；2026-09-20 用户确认；docs/research/localization/reviews/age2-terminology-20260920.json；仅在对应专名语境使用。,42;196;653
ニミッツ,尼米兹,term,本作；详见使用限制 / 030_UAF_DAY93_01 / 040_UAF_DAY94_01 / 030_UAF_DAY93_01.egpack,仅作翻译审校参考；确认对应专名/军事称谓后使用，不自动替换正文,43;197;573
ハワイ,夏威夷,term,具体篇章／场景见关联来源,仅作翻译审校参考；确认对应专名/军事称谓后使用，不自动替换正文,44;199;520;547
バスターズ,破坏者队,term,本作；详见使用限制 / 090_UAF_DAY99_01 / 090_UAF_DAY99_02 / 090_UAF_DAY99_01.egpack,仅作翻译审校参考；确认对应专名/军事称谓后使用，不自动替换正文,45;200;555
バスター１,破坏者1,term,本作；详见使用限制 / 090_UAF_DAY99_01 / 090_UAF_DAY99_02 / 090_UAF_DAY99_01.egpack / __speakers__.egpack,仅作翻译审校参考；确认对应专名/军事称谓后使用，不自动替换正文,46;201;541;856
バスター２,破坏者2,term,本作；详见使用限制 / 090_UAF_DAY99_02 / 090_UAF_DAY99_02.egpack / __speakers__.egpack,仅作翻译审校参考；确认对应专名/军事称谓后使用，不自动替换正文,47;202;654;857
バビロン,巴比伦,term,本作；详见使用限制 / 010_UAFプロローグ / 030_UAF_DAY93_01 / 040_UAF_DAY94_01 / 010_UAFプロローグ.egpack,仅作翻译审校参考；确认对应专名/军事称谓后使用，不自动替换正文,48;204;529;574
バビロン作戦,巴比伦作战,term,本作；详见使用限制 / 010_UAFプロローグ / 010_UAFプロローグ.egpack,仅作翻译审校参考；确认对应专名/军事称谓后使用，不自动替换正文,49;205;408;464;582
ビッグマム・コンビ,Big Mom组合,term,本作；详见使用限制 / 040_UAF_DAY94_01.egpack,仅作翻译审校参考；确认对应专名/军事称谓后使用，不自动替换正文,50;760
ビッグ・ケネディ,大肯尼迪,term,本作；详见使用限制 / 030_UAF_DAY93_01 / 030_UAF_DAY93_01.egpack / 040_UAF_DAY94_01.egpack,仅作翻译审校参考；确认对应专名/军事称谓后使用，不自动替换正文,51;206;776;789
ビッグ・マム２,Big Mom 2号,term,本作；详见使用限制 / 050_UAF_DAY95_01 / 050_UAF_DAY95_01.egpack,仅作翻译审校参考；确认对应专名/军事称谓后使用，不自动替换正文,52;207;761
ビーコン,信标,term,本作；详见使用限制 / 020_UAF_DAY91_01 / 020_UAF_DAY91_01.egpack,仅作翻译审校参考；确认对应专名/军事称谓后使用，不自动替换正文,53;208;676
ピクニック・プラン,野餐计划,term,本作；详见使用限制 / 050_UAF_DAY95_01 / 050_UAF_DAY95_01.egpack,仅作翻译审校参考；确认对应专名/军事称谓后使用，不自动替换正文,54;209;762
フィリピン,菲律宾,term,本作；详见使用限制 / 030_UAF_DAY93_01 / 040_UAF_DAY94_01 / 040_UAF_DAY94_01.egpack / 020_UAF_DAY91_01.egpack,仅作翻译审校参考；确认对应专名/军事称谓后使用，不自动替换正文,55;211;679;693
フェデリカ・ベクレル,费德丽卡·贝克勒尔,term,本作；详见使用限制 / 050_UAF_DAY95_01 / 050_UAF_DAY95_01.egpack,仅作翻译审校参考；确认对应专名/军事称谓后使用，不自动替换正文,56;212;680
フライング・ブーム作戦,飞杆作战,term,本作；详见使用限制 / 050_UAF_DAY95_01 / 060_UAF_DAY96_01 / 050_UAF_DAY95_01.egpack,仅作翻译审校参考；确认对应专名/军事称谓后使用，不自动替换正文,57;214;443;500;550
ブラック・ナイヴス,黑刀,term,具体篇章／场景见关联来源,仅作翻译审校参考；确认对应专名/军事称谓后使用，不自动替换正文；2026-09-20 用户确认；docs/research/localization/reviews/age2-terminology-20260920.json；仅在对应专名语境使用。,58;215;413;469;533;708
ブラディ・ナイトメア,血色噩梦,term,本作；详见使用限制 / 090_UAF_DAY99_01 / 090_UAF_DAY99_01.egpack / 040_UAF_DAY94_01.egpack,仅作翻译审校参考；确认对应专名/军事称谓后使用，不自动替换正文,59;216;768;793
ブルーオーシャン,蓝海,term,具体篇章／场景见关联来源,仅作翻译审校参考；确认对应专名/军事称谓后使用，不自动替换正文,60;218;525;543
ブルーオーシャン作戦,蓝海作战,term,具体篇章／场景见关联来源,仅作翻译审校参考；确认对应专名/军事称谓后使用，不自动替换正文,61;219;527
プランＤ,D计划,term,本作；详见使用限制 / 090_UAF_DAY99_02 / 090_UAF_DAY99_02.egpack,仅作翻译审校参考；确认对应专名/军事称谓后使用，不自动替换正文,62;221;608;614
ホテル・ケネディ,肯尼迪旅馆,term,本作；详见使用限制 / 040_UAF_DAY94_01 / 040_UAF_DAY94_01.egpack,仅作翻译审校参考；确认对应专名/军事称谓后使用，不自动替换正文,63;223;777
マクマナス中尉,麦克马纳斯中尉,term,本作；详见使用限制 / 020_UAF_DAY91_01 / 030_UAF_DAY93_01 / 090_UAF_DAY99_01 / __speakers__.egpack,仅作翻译审校参考；确认对应专名/军事称谓后使用，不自动替换正文,64;225;858
マリア,玛丽亚,term,本作；详见使用限制 / 020_UAF_DAY91_01,仅作翻译审校参考；确认对应专名/军事称谓后使用，不自动替换正文,65;226;423;480
マルドゥーク,马尔杜克,term,本作；详见使用限制 / 010_UAFプロローグ / 010_UAFプロローグ.egpack,仅作翻译审校参考；确认对应专名/军事称谓后使用，不自动替换正文,66;227;561
メモリアル・デイ,阵亡将士纪念日,term,本作；详见使用限制 / 060_UAF_DAY96_01 / 060_UAF_DAY96_01.egpack,仅作翻译审校参考；确认对应专名/军事称谓后使用，不自动替换正文,67;229;709;763
メルヴィナ,梅尔维娜,term,具体篇章／场景见关联来源,仅作翻译审校参考；确认对应专名/军事称谓后使用，不自动替换正文,68;230;424;481;617;859
メルヴィナ・アードヴァニー,梅尔维娜·阿德瓦尼,term,本作；详见使用限制 / 040_UAF_DAY94_01 / 090_UAF_DAY99_03 / 040_UAF_DAY94_01.egpack,仅作翻译审校参考；确认对应专名/军事称谓后使用，不自动替换正文,69;231;618
モン・サン・ミシェル,圣米歇尔山,term,本作；详见使用限制 / 040_UAF_DAY94_01 / 040_UAF_DAY94_01.egpack,仅作翻译审校参考；确认对应专名/军事称谓后使用，不自动替换正文,70;234;764
モード・オート・スペシャル,自动特殊模式,term,本作；详见使用限制 / 090_UAF_DAY99_01 / 090_UAF_DAY99_01.egpack,仅作翻译审校参考；确认对应专名/军事称谓后使用，不自动替换正文,71;235;696;765
ヤンキー・ステーション,扬基站,term,本作；详见使用限制 / 040_UAF_DAY94_01 / 060_UAF_DAY96_01 / 040_UAF_DAY94_01.egpack,仅作翻译审校参考；确认对应专名/军事称谓后使用，不自动替换正文,72;236;572
ユーラシア,欧亚大陆,term,具体篇章／场景见关联来源,仅作翻译审校参考；确认对应专名/军事称谓后使用，不自动替换正文,73;238;538
ヨコハマ,横滨,term,本作；详见使用限制 / 030_UAF_DAY93_01 / 090_UAF_DAY99_01 / 030_UAF_DAY93_01.egpack / 040_UAF_DAY94_01.egpack,仅作翻译审校参考；确认对应专名/军事称谓后使用，不自动替换正文,74;239;615;684
リリア,莉莉娅,term,具体篇章／场景见关联来源,仅作翻译审校参考；确认对应专名/军事称谓后使用，不自动替换正文,75;243;425;482;502;860
リリア・シェル,莉莉娅·谢尔,term,本作；详见使用限制 / 020_UAF_DAY91_01 / 020_UAF_DAY91_01.egpack,仅作翻译审校参考；确认对应专名/军事称谓后使用，不自动替换正文,76;244;773
リリア・シェルベリ,莉莉娅·谢尔贝里,term,具体篇章／场景见关联来源,仅作翻译审校参考；确认对应专名/军事称谓后使用，不自动替换正文,77;245;446;516
レイジング・バスターズ,狂怒破坏者队,term,本作；详见使用限制 / 090_UAF_DAY99_01 / 090_UAF_DAY99_01.egpack,仅作翻译审校参考；确认对应专名/军事称谓后使用，不自动替换正文,78;247;752;795
レナード,伦纳德,term,具体篇章／场景见关联来源,仅作翻译审校参考；确认对应专名/军事称谓后使用，不自动替换正文,79;248;544;697
レナード・ヴァンゴーア,伦纳德·梵高尔,term,本作；详见使用限制 / 080_UAF_DAY98_01.egpack,仅作翻译审校参考；确认对应专名/军事称谓后使用，不自动替换正文,80;769
レベル４,第4层,term,本作；详见使用限制 / 040_UAF_DAY94_01 / 060_UAF_DAY96_01 / 040_UAF_DAY94_01.egpack,仅作翻译审校参考；确认对应专名/军事称谓后使用，不自动替换正文,81;249;610
ローゼンバーグ,罗森伯格,term,本作；详见使用限制 / 020_UAF_DAY91_01 / 060_UAF_DAY96_01 / 080_UAF_DAY98_01 / 020_UAF_DAY91_01.egpack,仅作翻译审校参考；确认对应专名/军事称谓后使用，不自动替换正文,82;253;688
上陸部隊,登陆部队,term,本作；详见使用限制 / 030_UAF_DAY93_01 / 040_UAF_DAY94_01 / 030_UAF_DAY93_01.egpack,仅作翻译审校参考；确认对应专名/军事称谓后使用，不自动替换正文,83;256;583
伍長,下士,term,本作；详见使用限制 / 060_UAF_DAY96_01,仅作翻译审校参考；确认对应专名/军事称谓后使用，不自动替换正文；2026-09-09 本篇/AL对齐及中文军衔修订，历史基线不回写。,84;259;429;486
儀杖隊,仪仗队,term,本作；详见使用限制 / 070_UAF_DAY97_01 / 070_UAF_DAY97_01.egpack,仅作翻译审校参考；确认对应专名/军事称谓后使用，不自动替换正文,85;265;626
分遣隊,分遣队,term,本作；详见使用限制 / 030_UAF_DAY93_01 / 040_UAF_DAY94_01 / 030_UAF_DAY93_01.egpack,仅作翻译审校参考；确认对应专名/军事称谓后使用，不自动替换正文,86;272;562
分隊編成,分队编成,term,本作；详见使用限制 / 060_UAF_DAY96_01 / 060_UAF_DAY96_01.egpack,仅作翻译审校参考；确认对应专名/军事称谓后使用，不自动替换正文,87;273;586;805
南太平洋,南太平洋,term,本作；详见使用限制 / 020_UAF_DAY91_01 / 030_UAF_DAY93_01 / 020_UAF_DAY91_01.egpack,仅作翻译审校参考；确认对应专名/军事称谓后使用，不自动替换正文,88;274;599
合衆国,合众国,term,具体篇章／场景见关联来源,仅作翻译审校参考；确认对应专名/军事称谓后使用，不自动替换正文,89;278;523
合衆国海兵隊,合众国海军陆战队,term,本作；详见使用限制 / 100_UAF_DAY100_01 / 100_UAF_DAY100_01.egpack,仅作翻译审校参考；确认对应专名/军事称谓后使用，不自动替换正文,90;279;719
太平洋,太平洋,term,具体篇章／场景见关联来源,仅作翻译审校参考；确认对应专名/军事称谓后使用，不自动替换正文,91;290;600
弔銃隊,鸣枪队,term,本作；详见使用限制 / 080_UAF_DAY98_01 / 080_UAF_DAY98_01.egpack,仅作翻译审校参考；确认对应专名/军事称谓后使用，不自动替换正文,92;299;724
戦術機分隊,战术机分队,term,本作；详见使用限制 / 040_UAF_DAY94_01 / 040_UAF_DAY94_01.egpack,仅作翻译审校参考；确认对应专名/军事称谓后使用，不自动替换正文,93;304;727
戦術機小隊,战术机小队,term,本作；详见使用限制 / 060_UAF_DAY96_01 / 060_UAF_DAY96_01.egpack,仅作翻译审校参考；确认对应专名/军事称谓后使用，不自动替换正文,94;305;728
戦術機母艦,战术机母舰,term,本作；详见使用限制 / 020_UAF_DAY91_01 / 030_UAF_DAY93_01 / 040_UAF_DAY94_01 / 060_UAF_DAY96_01,仅作翻译审校参考；确认对应专名/军事称谓后使用，不自动替换正文,95;306;410;466
戦術機部隊,战术机部队,term,具体篇章／场景见关联来源,仅作翻译审校参考；确认对应专名/军事称谓后使用，不自动替换正文,96;307;522
戦術機隊,战术机队,term,具体篇章／场景见关联来源,仅作翻译审校参考；确认对应专名/军事称谓后使用，不自动替换正文,97;308;539
戦術歩行戦闘機隊,战术步行战斗机队,term,具体篇章／场景见关联来源,仅作翻译审校参考；确认对应专名/军事称谓后使用，不自动替换正文,98;310;551
本艦海兵隊,本舰海军陆战队,term,本作；详见使用限制 / 030_UAF_DAY93_01 / 030_UAF_DAY93_01.egpack,仅作翻译审校参考；确认对应专名/军事称谓后使用，不自动替换正文,99;322;733
機分隊,机分队,term,本作；详见使用限制 / 040_UAF_DAY94_01 / 050_UAF_DAY95_01 / 040_UAF_DAY94_01.egpack,仅作翻译审校参考；确认对应专名/军事称谓后使用，不自动替换正文,100;323;734
機械化装甲歩兵部隊,机械化装甲步兵部队,term,本作；详见使用限制 / 090_UAF_DAY99_03 / 090_UAF_DAY99_03.egpack,仅作翻译审校参考；确认对应专名/军事称谓后使用，不自动替换正文,101;324;735
歩兵小隊,步兵小队,term,具体篇章／场景见关联来源,仅作翻译审校参考；确认对应专名/军事称谓后使用，不自动替换正文,102;325;634
母艦戦術機隊,母舰战术机队,term,本作；详见使用限制 / 090_UAF_DAY99_01 / 090_UAF_DAY99_01.egpack,仅作翻译审校参考；确认对应专名/军事称谓后使用，不自动替换正文,103;326;736
母艦打撃群司令部,母舰打击群司令部,term,本作；详见使用限制 / 090_UAF_DAY99_01 / 090_UAF_DAY99_01.egpack,仅作翻译审校参考；确认对应专名/军事称谓后使用，不自动替换正文,104;327;564
決死隊,敢死队,term,本作；详见使用限制 / 030_UAF_DAY93_01 / 030_UAF_DAY93_01.egpack,仅作翻译审校参考；确认对应专名/军事称谓后使用，不自动替换正文,105;328;737
海兵分遣隊,海军陆战队分遣队,term,本作；详见使用限制 / 040_UAF_DAY94_01 / 040_UAF_DAY94_01.egpack,仅作翻译审校参考；确认对应专名/军事称谓后使用，不自动替换正文,106;329;738
海兵戦術機隊,海军陆战队战术机队,term,本作；详见使用限制 / 020_UAF_DAY91_01 / 090_UAF_DAY99_01 / 090_UAF_DAY99_03 / 020_UAF_DAY91_01.egpack,仅作翻译审校参考；确认对应专名/军事称谓后使用，不自动替换正文,107;330;565
海兵隊員,海军陆战队员,term,具体篇章／场景见关联来源,仅作翻译审校参考；确认对应专名/军事称谓后使用，不自动替换正文,108;334;514
海兵隊少尉,海军陆战队少尉,term,本作；详见使用限制 / 090_UAF_DAY99_01 / 090_UAF_DAY99_01.egpack,仅作翻译审校参考；确认对应专名/军事称谓后使用，不自动替换正文,109;335;635
海兵隊歩兵小隊,海军陆战队步兵小队,term,本作；详见使用限制 / 080_UAF_DAY98_01 / 080_UAF_DAY98_01.egpack,仅作翻译审校参考；确认对应专名/军事称谓后使用，不自动替换正文,110;336;740
海兵隊陸戦部隊,海军陆战队陆战部队,term,本作；详见使用限制 / 090_UAF_DAY99_01 / 090_UAF_DAY99_01.egpack,仅作翻译审校参考；确认对应专名/军事称谓后使用，不自动替换正文,111;338;741
海軍戦術機部隊,海军战术机部队,term,本作；详见使用限制 / 090_UAF_DAY99_01 / 090_UAF_DAY99_02 / 090_UAF_DAY99_01.egpack,仅作翻译审校参考；确认对应专名/军事称谓后使用，不自动替换正文,112;341;591
海軍戦術機隊,海军战术机队,term,本作；详见使用限制 / 090_UAF_DAY99_01 / 090_UAF_DAY99_01.egpack,仅作翻译审校参考；确认对应专名/军事称谓后使用，不自动替换正文,113;342;742;826
海軍補給部隊,海军补给部队,term,本作；详见使用限制 / 060_UAF_DAY96_01 / 060_UAF_DAY96_01.egpack,仅作翻译审校参考；确认对应专名/军事称谓后使用，不自动替换正文,114;343;743
海軍駐留拠点,海军驻留据点,term,本作；详见使用限制 / 030_UAF_DAY93_01 / 060_UAF_DAY96_01 / 030_UAF_DAY93_01.egpack,仅作翻译审校参考；确认对应专名/军事称谓后使用，不自动替换正文,115;344;637
第３海兵連隊,第3海军陆战队团,term,本作；详见使用限制 / 030_UAF_DAY93_01 / 030_UAF_DAY93_01.egpack,仅作翻译审校参考；确认对应专名/军事称谓后使用，不自动替换正文,116;355;744
第３１８戦術機隊,第318战术机队,term,本作；详见使用限制 / 020_UAF_DAY91_01 / 030_UAF_DAY93_01 / 090_UAF_DAY99_01 / 020_UAF_DAY91_01.egpack,仅作翻译审校参考；确认对应专名/军事称谓后使用，不自动替换正文,117;356;592
第３１８海兵戦術機隊,第318海军陆战队战术机队,term,本作；详见使用限制 / 020_UAF_DAY91_01 / 020_UAF_DAY91_01.egpack,仅作翻译审校参考；确认对应专名/军事称谓后使用，不自动替换正文,118;358;745
第５３６戦術機隊,第536战术机队,term,本作；详见使用限制 / 040_UAF_DAY94_01 / 040_UAF_DAY94_01.egpack,仅作翻译审校参考；确认对应专名/军事称谓后使用，不自动替换正文,119;359;746;834
第５３６海兵戦術機隊,第536海军陆战队战术机队,term,本作；详见使用限制 / 090_UAF_DAY99_01 / 090_UAF_DAY99_01.egpack,仅作翻译审校参考；确认对应专名/军事称谓后使用，不自动替换正文,120;361;639
米国,美国,term,具体篇章／场景见关联来源,仅作翻译审校参考；确认对应专名/军事称谓后使用，不自动替换正文,121;362;455;567
米国人,美国人,term,具体篇章／场景见关联来源,仅作翻译审校参考；确认对应专名/军事称谓后使用，不自动替换正文,122;363;531
米国海兵隊,美国海军陆战队,term,具体篇章／场景见关联来源,仅作翻译审校参考；确认对应专名/军事称谓后使用，不自动替换正文,123;364;640
米国海兵隊員,美国海军陆战队员,term,本作；详见使用限制 / 020_UAF_DAY91_01 / 060_UAF_DAY96_01 / 020_UAF_DAY91_01.egpack,仅作翻译审校参考；确认对应专名/军事称谓后使用，不自动替换正文,124;365;641
米国軍人,美国军人,term,本作；详见使用限制 / 050_UAF_DAY95_01 / 060_UAF_DAY96_01 / 050_UAF_DAY95_01.egpack,仅作翻译审校参考；确认对应专名/军事称谓后使用，不自动替换正文,125;368;643
米軍,美军,term,本作；详见使用限制 / 040_UAF_DAY94_01 / 090_UAF_DAY99_01 / 040_UAF_DAY94_01.egpack,仅作翻译审校参考；确认对应专名/军事称谓后使用，不自动替换正文,126;369;593;835
米軍衛士,美军卫士,term,本作；详见使用限制 / 040_UAF_DAY94_01 / 040_UAF_DAY94_01.egpack,仅作翻译审校参考；确认对应专名/军事称谓后使用，不自动替换正文,127;370;416;473;644
英国,英国,term,本作；详见使用限制 / 040_UAF_DAY94_01 / 040_UAF_DAY94_01.egpack,仅作翻译审校参考；确认对应专名/军事称谓后使用，不自动替换正文,128;374;649
衛士たち,卫士们,term,本作；详见使用限制 / 060_UAF_DAY96_01,仅作翻译审校参考；确认对应专名/军事称谓后使用，不自动替换正文,129;376;427;484
豪州,澳洲,term,具体篇章／场景见关联来源,仅作翻译审校参考；确认对应专名/军事称谓后使用，不自动替换正文,130;381;651
軍葬,军葬,term,本作；详见使用限制 / 060_UAF_DAY96_01 / 070_UAF_DAY97_01 / 080_UAF_DAY98_01 / 060_UAF_DAY96_01.egpack,仅作翻译审校参考；确认对应专名/军事称谓后使用，不自动替换正文,131;385;594
部隊葬,部队葬,term,本作；详见使用限制 / 060_UAF_DAY96_01 / 080_UAF_DAY98_01 / 060_UAF_DAY96_01.egpack,仅作翻译审校参考；确认对应专名/军事称谓后使用，不自动替换正文,132;389;596
騎兵隊,骑兵队,term,本作；详见使用限制 / 090_UAF_DAY99_01 / 090_UAF_DAY99_01.egpack,仅作翻译审校参考；确认对应专名/军事称谓后使用，不自动替换正文,133;396;750
Ｂ小隊,B小队,term,本作；详见使用限制 / 090_UAF_DAY99_02,仅作翻译审校参考；确认对应专名/军事称谓后使用，不自动替换正文,134;397;417;474
ブラックナイヴス,黑刀,term,tda00,2026-09-20 用户确认；docs/research/localization/reviews/age2-terminology-20260920.json；仅在对应专名语境使用。,872
ブラック・ナイヴス・ドント・クイット,黑刀永不放弃,term,020_UAF_DAY91_01.egpack,2026-09-20 用户确认；docs/research/localization/reviews/age2-terminology-20260920.json；仅在对应专名语境使用。,792
あなたたち,你们,candidate,060_UAF_DAY96_01.egpack,；历史候选草案，confirmed_translation 列有值不视作审核通过；原章定位 game_t02167_ruby,797
おっかさん,老妈,candidate,020_UAF_DAY91_01.egpack,；历史候选草案，confirmed_translation 列有值不视作审核通过；原章定位 game_t00217_ruby,580
かもしれない,也许,candidate,040_UAF_DAY94_01.egpack,；历史候选草案，confirmed_translation 列有值不视作审核通过；原章定位 game_t01473_ruby,798
これからも,今后也,candidate,050_UAF_DAY95_01.egpack,；历史候选草案，confirmed_translation 列有值不视作审核通过；原章定位 game_t01726_ruby,799
そんなの必要ない,不需要那种东西,candidate,050_UAF_DAY95_01.egpack,；历史候选草案，confirmed_translation 列有值不视作审核通过；原章定位 game_t01890_ruby,800
まだ,还,candidate,090_UAF_DAY99_01.egpack,；历史候选草案，confirmed_translation 列有值不视作审核通过；原章定位 game_t03082_ruby,801
アイ・マム,是，长官,candidate,090_UAF_DAY99_02 / 090_UAF_DAY99_02.egpack,【依据1】旧混合表；出现不等于译法正确；仅证实在本作出现；译法、单字子串及称谓语境仍需审定。 【依据2】；历史候选草案，confirmed_translation 列有值不视作审核通过；原章定位 game_t03393,135;753
アテンション・オン・デック,全员立正,candidate,030_UAF_DAY93_01.egpack,；历史候选草案，confirmed_translation 列有值不视作审核通过；原章定位 game_t00664_ruby,778
インペリアル,帝国,candidate,040_UAF_DAY94_01.egpack,；历史候选草案，confirmed_translation 列有值不视作审核通过；原章定位 game_t01499_ruby,779
ウィル・リリア,威尔·莉莉娅,candidate,具体篇章／场景见关联来源,【依据1】旧混合表；出现不等于译法正确；仅证实在本作出现；译法、单字子串及称谓语境仍需审定。 【依据2】；历史候选草案，confirmed_translation 列有值不视作审核通过；原章定位 game_s00002,140;851
ウェルカム・ホーム,欢迎回家,candidate,020_UAF_DAY91_01.egpack,；历史候选草案，confirmed_translation 列有值不视作审核通过；原章定位 game_t00558,754
エリア,区域,candidate,030_UAF_DAY93_01 / 060_UAF_DAY96_01 / 030_UAF_DAY93_01.egpack,【依据1】旧混合表；出现不等于译法正确；仅证实在本作出现；译法、单字子串及称谓语境仍需审定。 【依据2】；历史候选草案，confirmed_translation 列有值不视作审核通过；原章定位 game_t00561,143;656
エレメント,分队,candidate,050_UAF_DAY95_01.egpack,；历史候选草案，confirmed_translation 列有值不视作审核通过；原章定位 game_t01867_ruby,704
エンタープライズ,企业号,candidate,020_UAF_DAY91_01 / 040_UAF_DAY94_01 / 020_UAF_DAY91_01.egpack,【依据1】旧混合表；出现不等于译法正确；仅证实在本作出现；译法、单字子串及称谓语境仍需审定。 【依据2】；历史候选草案，confirmed_translation 列有值不视作审核通过；原章定位 game_t00530,144;611
オペレーター,操作员,candidate,具体篇章／场景见关联来源,【依据1】旧混合表；出现不等于译法正确；仅证实在本作出现；译法、单字子串及称谓语境仍需审定。 【依据2】从 TDA02/TDA03 __speakers__.egpack 的 jp 槽抽取，禁止用英文 speaker 作为原文；仅证实在本作出现；译法、单字子串及称谓语境仍需审定。 【依据3】旧 TSV 专名词库；不能按文件名认定全系列通用；仅证实在本作出现；译法、单字子串及称谓语境仍需审定。 【依据4】；历史候选草案，confirmed_translation 列有值不视作审核通过；原章定位 game_s00003,145;419;476;852
オリジナルハイヴ,原始HIVE,candidate,080_UAF_DAY98_01 / 060_UAF_DAY96_01.egpack,【依据1】旧混合表；出现不等于译法正确；仅证实在本作出现；译法、单字子串及称谓语境仍需审定。 【依据2】旧 TSV 专名词库；不能按文件名认定全系列通用；仅证实在本作出现；译法、单字子串及称谓语境仍需审定。 【依据3】；历史候选草案，confirmed_translation 列有值不视作审核通过；原章定位 game_t02323,146;451;657
オール・ナイヴス,黑刃全机,candidate,090_UAF_DAY99_01 / 090_UAF_DAY99_02 / 090_UAF_DAY99_03,旧混合表；出现不等于译法正确；仅证实在本作出现；译法、单字子串及称谓语境仍需审定。,149
カタパルト,弹射器,candidate,090_UAF_DAY99_03 / 090_UAF_DAY99_03.egpack,【依据1】旧混合表；出现不等于译法正确；仅证实在本作出现；译法、单字子串及称谓语境仍需审定。 【依据2】；历史候选草案，confirmed_translation 列有值不视作审核通过；原章定位 game_t03585,151;605
カメラ,摄像机,candidate,020_UAF_DAY91_01 / 020_UAF_DAY91_01.egpack,【依据1】旧混合表；出现不等于译法正确；仅证实在本作出现；译法、单字子串及称谓语境仍需审定。 【依据2】；历史候选草案，confirmed_translation 列有值不视作审核通过；原章定位 game_t00055,152;658
クソ,该死,candidate,具体篇章／场景见关联来源,【依据1】旧混合表；出现不等于译法正确；仅证实在本作出现；译法、单字子串及称谓语境仍需审定。 【依据2】；历史候选草案，confirmed_translation 列有值不视作审核通过；原章定位 game_t01510,154;535
クリーン・アメリカンズ,纯正美国人,candidate,040_UAF_DAY94_01.egpack,；历史候选草案，confirmed_translation 列有值不视作审核通过；原章定位 game_t01532_ruby,781
グランド・オーシャン・スライド,大海崩,candidate,030_UAF_DAY93_01.egpack,；历史候选草案，confirmed_translation 列有值不视作审核通过；原章定位 game_t00672_ruby,782
ケーブル,电缆,candidate,020_UAF_DAY91_01 / 020_UAF_DAY91_01.egpack,【依据1】旧混合表；出现不等于译法正确；仅证实在本作出现；译法、单字子串及称谓语境仍需审定。 【依据2】；历史候选草案，confirmed_translation 列有值不视作审核通过；原章定位 game_t00386,158;660
コスト,成本,candidate,050_UAF_DAY95_01 / 060_UAF_DAY96_01 / 050_UAF_DAY95_01.egpack,【依据1】旧混合表；出现不等于译法正确；仅证实在本作出现；译法、单字子串及称谓语境仍需审定。 【依据2】；历史候选草案，confirmed_translation 列有值不视作审核通过；原章定位 game_t01805,160;661
コントロール,管制,candidate,020_UAF_DAY91_01 / 020_UAF_DAY91_01.egpack,【依据1】旧混合表；出现不等于译法正确；仅证实在本作出现；译法、单字子串及称谓语境仍需审定。 【依据2】；历史候选草案，confirmed_translation 列有值不视作审核通过；原章定位 game_t00539 【依据3】；历史候选草案，confirmed_translation 列有值不视作审核通过；原章定位 game_t00540,162;662;689
システムチェック,系统检查,candidate,020_UAF_DAY91_01.egpack,；历史候选草案，confirmed_translation 列有值不视作审核通过；原章定位 game_t00080,663
ジェット,喷气,candidate,020_UAF_DAY91_01 / 050_UAF_DAY95_01 / 020_UAF_DAY91_01.egpack,【依据1】旧混合表；出现不等于译法正确；仅证实在本作出现；译法、单字子串及称谓语境仍需审定。 【依据2】；历史候选草案，confirmed_translation 列有值不视作审核通过；原章定位 game_t00195,169;664
ジェントル,绅士,candidate,020_UAF_DAY91_01 / 020_UAF_DAY91_01.egpack,【依据1】旧混合表；出现不等于译法正确；仅证实在本作出现；译法、单字子串及称谓语境仍需审定。 【依据2】；历史候选草案，confirmed_translation 列有值不视作审核通过；原章定位 game_t00070,170;665
ジェーン・ドゥ,无名女尸,candidate,060_UAF_DAY96_01.egpack,；历史候选草案，confirmed_translation 列有值不视作审核通过；原章定位 game_t02044_ruby,783
ジョン・F・ケネディ,约翰·F·肯尼迪,candidate,080_UAF_DAY98_01.egpack,；历史候选草案，confirmed_translation 列有值不视作审核通过；原章定位 game_t02907,775
ジョーク,玩笑,candidate,020_UAF_DAY91_01 / 060_UAF_DAY96_01 / 020_UAF_DAY91_01.egpack,【依据1】旧混合表；出现不等于译法正确；仅证实在本作出现；译法、单字子串及称谓语境仍需审定。 【依据2】；历史候选草案，confirmed_translation 列有值不视作审核通过；原章定位 game_t00537,172;667
ステーション,站位,candidate,090_UAF_DAY99_02 / 090_UAF_DAY99_02.egpack,【依据1】旧混合表；出现不等于译法正确；仅证实在本作出现；译法、单字子串及称谓语境仍需审定。 【依据2】；历史候选草案，confirmed_translation 列有值不视作审核通过；原章定位 game_t03423,176;758
スパイク,锚钉,candidate,020_UAF_DAY91_01 / 050_UAF_DAY95_01 / 020_UAF_DAY91_01.egpack,【依据1】旧混合表；出现不等于译法正确；仅证实在本作出现；译法、单字子串及称谓语境仍需审定。 【依据2】；历史候选草案，confirmed_translation 列有值不视作审核通过；原章定位 game_t00080,177;668
スーパーホーネット,超级大黄蜂,candidate,020_UAF_DAY91_01.egpack,；历史候选草案，confirmed_translation 列有值不视作审核通过；原章定位 game_t00318_ruby,784
セキュリティ・クリアランス,安全许可,candidate,040_UAF_DAY94_01.egpack,；历史候选草案，confirmed_translation 列有值不视作审核通过；原章定位 game_t01521_ruby,621
センサー,传感器,candidate,090_UAF_DAY99_01 / 050_UAF_DAY95_01.egpack,【依据1】旧混合表；出现不等于译法正确；仅证实在本作出现；译法、单字子串及称谓语境仍需审定。 【依据2】；历史候选草案，confirmed_translation 列有值不视作审核通过；原章定位 game_t01687,179;607
センパー・ファイ,永远忠诚,candidate,050_UAF_DAY95_01.egpack,；历史候选草案，confirmed_translation 列有值不视作审核通过；原章定位 game_t01693_ruby,579
タイプ,类型,candidate,050_UAF_DAY95_01 / 060_UAF_DAY96_01 / 050_UAF_DAY95_01.egpack / 020_UAF_DAY91_01.egpack,【依据1】旧混合表；出现不等于译法正确；仅证实在本作出现；译法、单字子串及称谓语境仍需审定。 【依据2】；历史候选草案，confirmed_translation 列有值不视作审核通过；原章定位 game_t01807 【依据3】；历史候选草案，confirmed_translation 列有值不视作审核通过；原章定位 game_t00029_ruby,181;669;785
ダイエット,减肥,candidate,040_UAF_DAY94_01 / 060_UAF_DAY96_01 / 040_UAF_DAY94_01.egpack,【依据1】旧混合表；出现不等于译法正确；仅证实在本作出现；译法、单字子串及称谓语境仍需审定。 【依据2】；历史候选草案，confirmed_translation 列有值不视作审核通过；原章定位 game_t01462,182;670
テイラー大将,泰勒大将,candidate,010_UAFプロローグ / __speakers__.egpack,【依据1】旧混合表；出现不等于译法正确；仅证实在本作出现；译法、单字子串及称谓语境仍需审定。 【依据2】；历史候选草案，confirmed_translation 列有值不视作审核通过；原章定位 game_s00006,185;855
テメェ,你这混蛋,candidate,090_UAF_DAY99_01 / 090_UAF_DAY99_02 / 090_UAF_DAY99_01.egpack,【依据1】旧混合表；出现不等于译法正确；仅证实在本作出现；译法、单字子串及称谓语境仍需审定。 【依据2】；历史候选草案，confirmed_translation 列有值不视作审核通过；原章定位 game_t03358,186;671
デストロイヤー,驱逐舰,candidate,090_UAF_DAY99_01.egpack,；历史候选草案，confirmed_translation 列有值不视作审核通过；原章定位 game_t03214_ruby,786
デポ方式,补给站方式,candidate,050_UAF_DAY95_01,【依据1】旧混合表；出现不等于译法正确；仅证实在本作出现；译法、单字子串及称谓语境仍需审定。 【依据2】TDA00 context: relay/search plan uses coastline supply containers as depots；仅证实在本作出现；译法、单字子串及称谓语境仍需审定。 【依据3】旧 TSV 专名词库；不能按文件名认定全系列通用；仅证实在本作出现；译法、单字子串及称谓语境仍需审定。,187;442;499
データベース,数据库,candidate,040_UAF_DAY94_01 / 060_UAF_DAY96_01 / 040_UAF_DAY94_01.egpack,【依据1】旧混合表；出现不等于译法正确；仅证实在本作出现；译法、单字子串及称谓语境仍需审定。 【依据2】；历史候选草案，confirmed_translation 列有值不视作审核通过；原章定位 game_t01527,188;672
データリンク,数据链,candidate,具体篇章／场景见关联来源,【依据1】旧混合表；出现不等于译法正确；仅证实在本作出现；译法、单字子串及称谓语境仍需审定。 【依据2】；历史候选草案，confirmed_translation 列有值不视作审核通过；原章定位 game_t00098,189;528
トップヘビー,头重脚轻,candidate,030_UAF_DAY93_01.egpack,；历史候选草案，confirmed_translation 列有值不视作审核通过；原章定位 game_t00803_ruby,787
トラブル,麻烦,candidate,020_UAF_DAY91_01 / 060_UAF_DAY96_01 / 020_UAF_DAY91_01.egpack,【依据1】旧混合表；出现不等于译法正确；仅证实在本作出现；译法、单字子串及称谓语境仍需审定。 【依据2】；历史候选草案，confirmed_translation 列有值不视作审核通过；原章定位 game_t00050,190;673
ドッグタグ,身份牌,candidate,050_UAF_DAY95_01.egpack,；历史候选草案，confirmed_translation 列有值不视作审核通过；原章定位 game_t01896_ruby,705
ナイヴス,黑刃,candidate,具体篇章／场景见关联来源,【依据1】旧混合表；出现不等于译法正确；仅证实在本作出现；译法、单字子串及称谓语境仍需审定。 【依据2】TDA专有名词固定；英文对应：Knives；仅证实在本作出现；译法、单字子串及称谓语境仍需审定。 【依据3】旧 TSV 专名词库；不能按文件名认定全系列通用；仅证实在本作出现；译法、单字子串及称谓语境仍需审定。,191;439;496
ナイヴス・リード,黑刃长机,candidate,020_UAF_DAY91_01 / 050_UAF_DAY95_01,旧混合表；出现不等于译法正确；仅证实在本作出现；译法、单字子串及称谓语境仍需审定。,192
ナイヴス１,黑刃1,candidate,020_UAF_DAY91_01 / 090_UAF_DAY99_01 / 090_UAF_DAY99_02 / 090_UAF_DAY99_03,旧混合表；出现不等于译法正确；仅证实在本作出现；译法、单字子串及称谓语境仍需审定。,193
ナイヴス２,黑刃2,candidate,020_UAF_DAY91_01 / 050_UAF_DAY95_01 / 090_UAF_DAY99_02 / 090_UAF_DAY99_03,旧混合表；出现不等于译法正确；仅证实在本作出现；译法、单字子串及称谓语境仍需审定。,194
ナイヴス３,黑刃3,candidate,040_UAF_DAY94_01 / 050_UAF_DAY95_01 / 090_UAF_DAY99_01 / 090_UAF_DAY99_02 / 090_UAF_DAY99_03,旧混合表；出现不等于译法正确；仅证实在本作出现；译法、单字子串及称谓语境仍需审定。,195
ナイヴス３カタパルト,黑刃3弹射器,candidate,090_UAF_DAY99_03,旧混合表；出现不等于译法正确；仅证实在本作出现；译法、单字子串及称谓语境仍需审定。,196
ノー・マム,不，长官,candidate,030_UAF_DAY93_01 / 040_UAF_DAY94_01 / 030_UAF_DAY93_01.egpack,【依据1】旧混合表；出现不等于译法正确；仅证实在本作出现；译法、单字子串及称谓语境仍需审定。 【依据2】；历史候选草案，confirmed_translation 列有值不视作审核通过；原章定位 game_t00746,198;674
ハイヴ,HIVE,candidate,030_UAF_DAY93_01 / 060_UAF_DAY96_01 / 080_UAF_DAY98_01 / 090_UAF_DAY99_01 / 060_UAF_DAY96_01.egpack,【依据1】旧 TSV 专名词库；不能按文件名认定全系列通用；仅证实在本作出现；译法、单字子串及称谓语境仍需审定。 【依据2】；历史候选草案，confirmed_translation 列有值不视作审核通过；原章定位 game_t02320,450;537
バッテリー,电池,candidate,020_UAF_DAY91_01 / 040_UAF_DAY94_01 / 020_UAF_DAY91_01.egpack,【依据1】旧混合表；出现不等于译法正确；仅证实在本作出现；译法、单字子串及称谓语境仍需审定。 【依据2】；历史候选草案，confirmed_translation 列有值不视作审核通过；原章定位 game_t00221,203;675
バディ,搭档,candidate,040_UAF_DAY94_01.egpack,；历史候选草案，confirmed_translation 列有值不视作审核通过；原章定位 game_t01276_ruby,622
パワーダイブ,动力俯冲,candidate,050_UAF_DAY95_01.egpack,；历史候选草案，confirmed_translation 列有值不视作审核通过；原章定位 game_t01859_ruby,788
ビッグマム,Big Mom,candidate,040_UAF_DAY94_01.egpack,；历史候选草案，confirmed_translation 列有值不视作审核通过；原章定位 game_t00948_ruby,706
ビッグ・マム,Big Mom,candidate,030_UAF_DAY93_01.egpack / 020_UAF_DAY91_01.egpack / 040_UAF_DAY94_01.egpack,【依据1】；历史候选草案，confirmed_translation 列有值不视作审核通过；原章定位 game_t00742 【依据2】；历史候选草案，confirmed_translation 列有值不视作审核通过；原章定位 game_t00217_ruby 【依据3】；历史候选草案，confirmed_translation 列有值不视作审核通过；原章定位 game_t01554,530;707;767
ビンゴ・フュエル,返航燃料,candidate,050_UAF_DAY95_01.egpack,；历史候选草案，confirmed_translation 列有值不视作审核通过；原章定位 game_t01791_ruby,790
ファック,妈的,candidate,090_UAF_DAY99_01 / 090_UAF_DAY99_02 / 090_UAF_DAY99_02.egpack,【依据1】旧混合表；出现不等于译法正确；仅证实在本作出现；译法、单字子串及称谓语境仍需审定。 【依据2】；历史候选草案，confirmed_translation 列有值不视作审核通过；原章定位 game_t03459,210;677
ファランクス,密集阵,candidate,090_UAF_DAY99_02.egpack,；历史候选草案，confirmed_translation 列有值不视作审核通过；原章定位 game_t03387,678
フネ,船,candidate,030_UAF_DAY93_01.egpack,；历史候选草案，confirmed_translation 列有值不视作审核通过；原章定位 game_t00626_ruby,791
フライング・ブーム,飞杆,candidate,050_UAF_DAY95_01 / 060_UAF_DAY96_01 / 050_UAF_DAY95_01.egpack,【依据1】旧混合表；出现不等于译法正确；仅证实在本作出现；译法、单字子串及称谓语境仍需审定。 【依据2】TDA00 operation-name component；仅证实在本作出现；译法、单字子串及称谓语境仍需审定。 【依据3】旧 TSV 专名词库；不能按文件名认定全系列通用；仅证实在本作出现；译法、单字子串及称谓语境仍需审定。 【依据4】；历史候选草案，confirmed_translation 列有值不视作审核通过；原章定位 game_t01636,213;444;501;557
ブラック・ナイヴス,黑刃,candidate,具体篇章／场景见关联来源,【依据1】旧混合表；出现不等于译法正确；仅证实在本作出现；译法、单字子串及称谓语境仍需审定。 【依据2】；历史候选草案，confirmed_translation 列有值不视作审核通过；原章定位 game_t00152,215;533
ブリーフィング,简报,candidate,060_UAF_DAY96_01 / 090_UAF_DAY99_01 / 060_UAF_DAY96_01.egpack,【依据1】旧混合表；出现不等于译法正确；仅证实在本作出现；译法、单字子串及称谓语境仍需审定。 【依据2】；历史候选草案，confirmed_translation 列有值不视作审核通过；原章定位 game_t02247,217;681
ブロック,区块,candidate,040_UAF_DAY94_01 / 060_UAF_DAY96_01 / 040_UAF_DAY94_01.egpack,【依据1】旧混合表；出现不等于译法正确；仅证实在本作出现；译法、单字子串及称谓语境仍需审定。 【依据2】；历史候选草案，confirmed_translation 列有值不视作审核通过；原章定位 game_t01562,220;571
プログラム,程序,candidate,040_UAF_DAY94_01 / 040_UAF_DAY94_01.egpack,【依据1】旧混合表；出现不等于译法正确；仅证实在本作出现；译法、单字子串及称谓语境仍需审定。 【依据2】；历史候选草案，confirmed_translation 列有值不视作审核通过；原章定位 game_t01279,222;682
ホーム,归处,candidate,020_UAF_DAY91_01.egpack,；历史候选草案，confirmed_translation 列有值不视作审核通过；原章定位 game_t00529_ruby,623
ボデイバッグ,尸袋,candidate,050_UAF_DAY95_01.egpack,；历史候选草案，confirmed_translation 列有值不视作审核通过；原章定位 game_t01889_ruby,794
マクマナス,麦克马纳斯,candidate,020_UAF_DAY91_01 / 030_UAF_DAY93_01 / 090_UAF_DAY99_01 / 020_UAF_DAY91_01.egpack,【依据1】旧混合表；出现不等于译法正确；仅证实在本作出现；译法、单字子串及称谓语境仍需审定。 【依据2】；历史候选草案，confirmed_translation 列有值不视作审核通过；原章定位 game_t00031,224;558
ミサイル,导弹,candidate,090_UAF_DAY99_01 / 090_UAF_DAY99_01.egpack,【依据1】旧混合表；出现不等于译法正确；仅证实在本作出现；译法、单字子串及称谓语境仍需审定。 【依据2】TDA fixed: Japanese missile katakana；仅证实在本作出现；译法、单字子串及称谓语境仍需审定。 【依据3】；历史候选草案，confirmed_translation 列有值不视作审核通过；原章定位 game_t03256,228;402;609
メートル,米,candidate,090_UAF_DAY99_02 / 090_UAF_DAY99_02.egpack,【依据1】旧混合表；出现不等于译法正确；仅证实在本作出现；译法、单字子串及称谓语境仍需审定。 【依据2】；历史候选草案，confirmed_translation 列有值不视作审核通过；原章定位 game_t03463,232;694
モットー,座右铭,candidate,040_UAF_DAY94_01 / 070_UAF_DAY97_01 / 040_UAF_DAY94_01.egpack,【依据1】旧混合表；出现不等于译法正确；仅证实在本作出现；译法、单字子串及称谓语境仍需审定。 【依据2】；历史候选草案，confirmed_translation 列有值不视作审核通过；原章定位 game_t01218,233;695
ユニット,单元,candidate,090_UAF_DAY99_02 / 090_UAF_DAY99_03 / 090_UAF_DAY99_02.egpack,【依据1】旧混合表；出现不等于译法正确；仅证实在本作出现；译法、单字子串及称谓语境仍需审定。 【依据2】；历史候选草案，confirmed_translation 列有值不视作审核通过；原章定位 game_t03383,237;683
リスク,风险,candidate,050_UAF_DAY95_01 / 050_UAF_DAY95_01.egpack,【依据1】旧混合表；出现不等于译法正确；仅证实在本作出现；译法、单字子串及称谓语境仍需审定。 【依据2】；历史候选草案，confirmed_translation 列有值不视作审核通过；原章定位 game_t01614,240;685
リスト,名单,candidate,060_UAF_DAY96_01 / 060_UAF_DAY96_01.egpack,【依据1】旧混合表；出现不等于译法正确；仅证实在本作出现；译法、单字子串及称谓语境仍需审定。 【依据2】；历史候选草案，confirmed_translation 列有值不视作审核通过；原章定位 game_t02044,241;686
リソース,资源,candidate,040_UAF_DAY94_01 / 060_UAF_DAY96_01.egpack,【依据1】旧混合表；出现不等于译法正确；仅证实在本作出现；译法、单字子串及称谓语境仍需审定。 【依据2】；历史候选草案，confirmed_translation 列有值不视作审核通过；原章定位 game_t02221_ruby,242;710
リンク,链路,candidate,020_UAF_DAY91_01 / 030_UAF_DAY93_01 / 090_UAF_DAY99_01 / 020_UAF_DAY91_01.egpack,【依据1】旧混合表；出现不等于译法正确；仅证实在本作出现；译法、单字子串及称谓语境仍需审定。 【依据2】；历史候选草案，confirmed_translation 列有值不视作审核通过；原章定位 game_t00090,246;616
レーザー,激光,candidate,090_UAF_DAY99_01 / 090_UAF_DAY99_01.egpack,【依据1】旧混合表；出现不等于译法正确；仅证实在本作出现；译法、单字子串及称谓语境仍需审定。 【依据2】；历史候选草案，confirmed_translation 列有值不视作审核通过；原章定位 game_t03302_ruby,250;796
ロケットモーター,火箭发动机,candidate,050_UAF_DAY95_01 / 050_UAF_DAY95_01.egpack,【依据1】旧混合表；出现不等于译法正确；仅证实在本作出现；译法、单字子串及称谓语境仍需审定。 【依据2】；历史候选草案，confirmed_translation 列有值不视作审核通过；原章定位 game_t01815,251;687
ローカルデータベース,本地数据库,candidate,060_UAF_DAY96_01 / 060_UAF_DAY96_01.egpack,【依据1】旧混合表；出现不等于译法正确；仅证实在本作出现；译法、单字子串及称谓语境仍需审定。 【依据2】；历史候选草案，confirmed_translation 列有值不视作审核通过；原章定位 game_t02027,252;770
一ヶ月,一个月,candidate,020_UAF_DAY91_01 / 040_UAF_DAY94_01 / 020_UAF_DAY91_01.egpack,【依据1】旧混合表；出现不等于译法正确；仅证实在本作出现；译法、单字子串及称谓语境仍需审定。 【依据2】；历史候选草案，confirmed_translation 列有值不视作审核通过；原章定位 game_t00120,254;645
一同,众人,candidate,030_UAF_DAY93_01 / 060_UAF_DAY96_01,【依据1】旧混合表；出现不等于译法正确；仅证实在本作出现；译法、单字子串及称谓语境仍需审定。 【依据2】从 TDA02/TDA03 __speakers__.egpack 的 jp 槽抽取，禁止用英文 speaker 作为原文；仅证实在本作出现；译法、单字子串及称谓语境仍需审定。 【依据3】旧 TSV 专名词库；不能按文件名认定全系列通用；仅证实在本作出现；译法、单字子串及称谓语境仍需审定。,255;426;483
中尉,中尉,candidate,具体篇章／场景见关联来源,【依据1】旧混合表；出现不等于译法正确；仅证实在本作出现；译法、单字子串及称谓语境仍需审定。 【依据2】；历史候选草案，confirmed_translation 列有值不视作审核通过；原章定位 game_t00031 【依据3】；历史候选草案，confirmed_translation 列有值不视作审核通过；原章定位 game_s00012,257;511;861
中隊,中队,candidate,040_UAF_DAY94_01 / 090_UAF_DAY99_01 / 090_UAF_DAY99_02 / 090_UAF_DAY99_02.egpack,【依据1】旧混合表；出现不等于译法正确；仅证实在本作出现；译法、单字子串及称谓语境仍需审定。 【依据2】；历史候选草案，confirmed_translation 列有值不视作审核通过；原章定位 game_t03428,258;715
伍長,伍长,candidate,060_UAF_DAY96_01,【依据1】旧混合表；出现不等于译法正确；仅证实在本作出现；译法、单字子串及称谓语境仍需审定。 【依据2】从 TDA02/TDA03 __speakers__.egpack 的 jp 槽抽取，禁止用英文 speaker 作为原文；仅证实在本作出现；译法、单字子串及称谓语境仍需审定。 【依据3】旧 TSV 专名词库；不能按文件名认定全系列通用；仅证实在本作出现；译法、单字子串及称谓语境仍需审定。,259;429;486
低軌道衛星,低轨道卫星,candidate,020_UAF_DAY91_01 / 030_UAF_DAY93_01 / 090_UAF_DAY99_01 / 020_UAF_DAY91_01.egpack,【依据1】旧混合表；出现不等于译法正确；仅证实在本作出现；译法、单字子串及称谓语境仍需审定。 【依据2】；历史候选草案，confirmed_translation 列有值不视作审核通过；原章定位 game_t00088,260;540
低軌道観測衛星,低轨道观测卫星,candidate,090_UAF_DAY99_01 / 090_UAF_DAY99_01.egpack,【依据1】旧混合表；出现不等于译法正确；仅证实在本作出现；译法、单字子串及称谓语境仍需审定。 【依据2】；历史候选草案，confirmed_translation 列有值不视作审核通过；原章定位 game_t03036,261;597
体重,体重,candidate,020_UAF_DAY91_01.egpack,；历史候选草案，confirmed_translation 列有值不视作审核通过；原章定位 game_t00364_ruby,802
俺たちは皆,我们所有人,candidate,060_UAF_DAY96_01.egpack,；历史候选草案，confirmed_translation 列有值不视作审核通过；原章定位 game_t02679_ruby,803
個中隊,个中队,candidate,040_UAF_DAY94_01 / 090_UAF_DAY99_01 / 040_UAF_DAY94_01.egpack,【依据1】旧混合表；出现不等于译法正确；仅证实在本作出现；译法、单字子串及称谓语境仍需审定。 【依据2】；历史候选草案，confirmed_translation 列有值不视作审核通过；原章定位 game_t01354,262;625
個小隊,个小队,candidate,030_UAF_DAY93_01 / 090_UAF_DAY99_01 / 030_UAF_DAY93_01.egpack,【依据1】旧混合表；出现不等于译法正确；仅证实在本作出现；译法、单字子串及称谓语境仍需审定。 【依据2】；历史候选草案，confirmed_translation 列有值不视作审核通过；原章定位 game_t00759,263;584
偵察衛星,侦察卫星,candidate,090_UAF_DAY99_01 / 090_UAF_DAY99_01.egpack,【依据1】旧混合表；出现不等于译法正确；仅证实在本作出现；译法、单字子串及称谓语境仍需审定。 【依据2】；历史候选草案，confirmed_translation 列有值不视作审核通过；原章定位 game_t03096,264;598
僚機,僚机,candidate,040_UAF_DAY94_01.egpack,；历史候选草案，confirmed_translation 列有值不视作审核通过；原章定位 game_t01276_ruby,711
元々分遣隊,原本是分遣队,candidate,040_UAF_DAY94_01.egpack,；历史候选草案，confirmed_translation 列有值不视作审核通过；原章定位 game_t01490,716
先月,上个月,candidate,030_UAF_DAY93_01 / 030_UAF_DAY93_01.egpack,【依据1】旧混合表；出现不等于译法正确；仅证实在本作出现；译法、单字子串及称谓语境仍需审定。 【依据2】；历史候选草案，confirmed_translation 列有值不视作审核通过；原章定位 game_t00723,266;646
光線,激光,candidate,090_UAF_DAY99_01.egpack,；历史候选草案，confirmed_translation 列有值不视作审核通过；原章定位 game_t03302_ruby,804
光線級,光线级,candidate,020_UAF_DAY91_01 / 060_UAF_DAY96_01 / 090_UAF_DAY99_01,【依据1】旧混合表；出现不等于译法正确；仅证实在本作出现；译法、单字子串及称谓语境仍需审定。 【依据2】旧 TSV 专名词库；不能按文件名认定全系列通用；仅证实在本作出现；译法、单字子串及称谓语境仍需审定。,267;456
入隊,入队,candidate,040_UAF_DAY94_01 / 040_UAF_DAY94_01.egpack,【依据1】旧混合表；出现不等于译法正确；仅证实在本作出现；译法、单字子串及称谓语境仍需审定。 【依据2】；历史候选草案，confirmed_translation 列有值不视作审核通过；原章定位 game_t01219,268;717
全戦術機部隊,全战术机部队,candidate,090_UAF_DAY99_01 / 090_UAF_DAY99_02 / 090_UAF_DAY99_01.egpack,【依据1】旧混合表；出现不等于译法正确；仅证实在本作出现；译法、单字子串及称谓语境仍需审定。 【依据2】；历史候选草案，confirmed_translation 列有值不视作审核通过；原章定位 game_t03060,269;585
全部隊,全部队,candidate,090_UAF_DAY99_01 / 090_UAF_DAY99_01.egpack,【依据1】旧混合表；出现不等于译法正确；仅证实在本作出现；译法、单字子串及称谓语境仍需审定。 【依据2】；历史候选草案，confirmed_translation 列有值不视作审核通过；原章定位 game_t03129,270;718
准将,准将,candidate,具体篇章／场景见关联来源,【依据1】旧混合表；出现不等于译法正确；仅证实在本作出现；译法、单字子串及称谓语境仍需审定。 【依据2】；历史候选草案，confirmed_translation 列有值不视作审核通过；原章定位 game_t00667,271;581
到着予想時刻,预计到达时间,candidate,050_UAF_DAY95_01.egpack,；历史候选草案，confirmed_translation 列有值不视作审核通过；原章定位 game_t01934_ruby,806
動力降下,动力下降,candidate,050_UAF_DAY95_01.egpack,；历史候选草案，confirmed_translation 列有值不视作审核通过；原章定位 game_t01859_ruby,807
友軍,友军,candidate,030_UAF_DAY93_01 / 090_UAF_DAY99_01 / 030_UAF_DAY93_01.egpack,【依据1】旧混合表；出现不等于译法正确；仅证实在本作出现；译法、单字子串及称谓语境仍需审定。 【依据2】；历史候选草案，confirmed_translation 列有值不视作审核通过；原章定位 game_t00704,275;587
司令部,司令部,candidate,具体篇章／场景见关联来源,【依据1】旧混合表；出现不等于译法正确；仅证实在本作出现；译法、单字子串及称谓语境仍需审定。 【依据2】；历史候选草案，confirmed_translation 列有值不视作审核通过；原章定位 game_t01581,276;563
各部隊指揮官,各部队指挥官,candidate,090_UAF_DAY99_01 / 090_UAF_DAY99_01.egpack,【依据1】旧混合表；出现不等于译法正确；仅证实在本作出现；译法、单字子串及称谓语境仍需审定。 【依据2】；历史候选草案，confirmed_translation 列有值不视作审核通过；原章定位 game_t03043,277;588
名無しの死体,无名尸体,candidate,060_UAF_DAY96_01.egpack,；历史候选草案，confirmed_translation 列有值不视作审核通过；原章定位 game_t02044_ruby,808
国連,联合国,candidate,具体篇章／场景见关联来源,【依据1】旧混合表；出现不等于译法正确；仅证实在本作出现；译法、单字子串及称谓语境仍需审定。 【依据2】；历史候选草案，confirmed_translation 列有值不视作审核通过；原章定位 game_t01115,280;627
国連統合参謀会議,联合国联合参谋会议,candidate,010_UAFプロローグ / 010_UAFプロローグ.egpack,【依据1】旧混合表；出现不等于译法正确；仅证实在本作出现；译法、单字子串及称谓语境仍需审定。 【依据2】；历史候选草案，confirmed_translation 列有值不视作审核通过；原章定位 game_t00011,281;628
国連軍,联合国军,candidate,020_UAF_DAY91_01 / 030_UAF_DAY93_01 / 020_UAF_DAY91_01.egpack,【依据1】旧混合表；出现不等于译法正确；仅证实在本作出现；译法、单字子串及称谓语境仍需审定。 【依据2】旧 TSV 专名词库；不能按文件名认定全系列通用；仅证实在本作出现；译法、单字子串及称谓语境仍需审定。 【依据3】；历史候选草案，confirmed_translation 列有值不视作审核通过；原章定位 game_t00093,282;452;629
地上基地,地面基地,candidate,030_UAF_DAY93_01 / 030_UAF_DAY93_01.egpack,【依据1】旧混合表；出现不等于译法正确；仅证实在本作出现；译法、单字子串及称谓语境仍需审定。 【依据2】；历史候选草案，confirmed_translation 列有值不视作审核通过；原章定位 game_t00591,283;720
地球,地球,candidate,010_UAFプロローグ / 080_UAF_DAY98_01 / 010_UAFプロローグ.egpack,【依据1】旧混合表；出现不等于译法正确；仅证实在本作出现；译法、单字子串及称谓语境仍需审定。 【依据2】；历史候选草案，confirmed_translation 列有值不视作审核通过；原章定位 game_t00002,284;570
基地,基地,candidate,020_UAF_DAY91_01 / 030_UAF_DAY93_01 / 020_UAF_DAY91_01.egpack,【依据1】旧混合表；出现不等于译法正确；仅证实在本作出现；译法、单字子串及称谓语境仍需审定。 【依据2】；历史候选草案，confirmed_translation 列有值不视作审核通过；原章定位 game_t00279,285;630
声,声音,candidate,020_UAF_DAY91_01 / 040_UAF_DAY94_01 / 060_UAF_DAY96_01,【依据1】旧混合表；出现不等于译法正确；仅证实在本作出现；译法、单字子串及称谓语境仍需审定。 【依据2】从 TDA02/TDA03 __speakers__.egpack 的 jp 槽抽取，禁止用英文 speaker 作为原文；仅证实在本作出现；译法、单字子串及称谓语境仍需审定。 【依据3】旧 TSV 专名词库；不能按文件名认定全系列通用；仅证实在本作出现；译法、单字子串及称谓语境仍需审定。,286;434;491
大体作戦,大体作战,candidate,020_UAF_DAY91_01 / 020_UAF_DAY91_01.egpack,【依据1】旧混合表；出现不等于译法正确；仅证实在本作出现；译法、单字子串及称谓语境仍需审定。 【依据2】；历史候选草案，confirmed_translation 列有值不视作审核通过；原章定位 game_t00072,288;721
大海崩,大海崩,candidate,030_UAF_DAY93_01.egpack,；历史候选草案，confirmed_translation 列有值不视作审核通过；原章定位 game_t00672_ruby,809
大規模作戦,大规模作战,candidate,090_UAF_DAY99_01 / 090_UAF_DAY99_01.egpack,【依据1】旧混合表；出现不等于译法正确；仅证实在本作出现；译法、单字子串及称谓语境仍需审定。 【依据2】；历史候选草案，confirmed_translation 列有值不视作审核通过；原章定位 game_t03320,289;722
女,女性,candidate,具体篇章／场景见关联来源,【依据1】旧混合表；出现不等于译法正确；仅证实在本作出现；译法、单字子串及称谓语境仍需审定。 【依据2】从 TDA02/TDA03 __speakers__.egpack 的 jp 槽抽取，禁止用英文 speaker 作为原文；仅证实在本作出现；译法、单字子串及称谓语境仍需审定。 【依据3】旧 TSV 专名词库；不能按文件名认定全系列通用；仅证实在本作出现；译法、单字子串及称谓语境仍需审定。,291;432;489
女の子,女孩,candidate,020_UAF_DAY91_01 / 030_UAF_DAY93_01 / 040_UAF_DAY94_01,【依据1】旧混合表；出现不等于译法正确；仅证实在本作出现；译法、单字子串及称谓语境仍需审定。 【依据2】从 TDA02/TDA03 __speakers__.egpack 的 jp 槽抽取，禁止用英文 speaker 作为原文；仅证实在本作出现；译法、单字子串及称谓语境仍需审定。 【依据3】旧 TSV 专名词库；不能按文件名认定全系列通用；仅证实在本作出现；译法、单字子串及称谓语境仍需审定。,292;433;490
子供,孩子,candidate,040_UAF_DAY94_01,【依据1】旧混合表；出现不等于译法正确；仅证实在本作出现；译法、单字子串及称谓语境仍需审定。 【依据2】从 TDA02/TDA03 __speakers__.egpack 的 jp 槽抽取，禁止用英文 speaker 作为原文；仅证实在本作出现；译法、单字子串及称谓语境仍需审定。 【依据3】旧 TSV 专名词库；不能按文件名认定全系列通用；仅证实在本作出现；译法、单字子串及称谓语境仍需审定。,293;430;487
孤島,孤岛,candidate,020_UAF_DAY91_01.egpack,；历史候选草案，confirmed_translation 列有值不视作审核通过；原章定位 game_t00096_ruby,810
小型種,小型种,candidate,090_UAF_DAY99_03,【依据1】旧混合表；出现不等于译法正确；仅证实在本作出现；译法、单字子串及称谓语境仍需审定。 【依据2】旧 TSV 专名词库；不能按文件名认定全系列通用；仅证实在本作出现；译法、单字子串及称谓语境仍需审定。,294;460
小隊,小队,candidate,具体篇章／场景见关联来源,【依据1】旧混合表；出现不等于译法正确；仅证实在本作出现；译法、单字子串及称谓语境仍需审定。 【依据2】；历史候选草案，confirmed_translation 列有值不视作审核通过；原章定位 game_t03420,295;723
少尉,少尉,candidate,具体篇章／场景见关联来源,【依据1】旧混合表；出现不等于译法正确；仅证实在本作出现；译法、单字子串及称谓语境仍需审定。 【依据2】；历史候选草案，confirmed_translation 列有值不视作审核通过；原章定位 game_t00039 【依据3】；历史候选草案，confirmed_translation 列有值不视作审核通过；原章定位 game_s00014,296;505;862
市民,市民,candidate,040_UAF_DAY94_01,【依据1】旧混合表；出现不等于译法正确；仅证实在本作出现；译法、单字子串及称谓语境仍需审定。 【依据2】从 TDA02/TDA03 __speakers__.egpack 的 jp 槽抽取，禁止用英文 speaker 作为原文；仅证实在本作出现；译法、单字子串及称谓语境仍需审定。 【依据3】旧 TSV 专名词库；不能按文件名认定全系列通用；仅证实在本作出现；译法、单字子串及称谓语境仍需审定。,297;431;488
帝国軍,帝国军,candidate,100_UAF_DAY100_01,【依据1】旧混合表；出现不等于译法正确；仅证实在本作出现；译法、单字子串及称谓语境仍需审定。 【依据2】旧 TSV 专名词库；不能按文件名认定全系列通用；仅证实在本作出现；译法、单字子串及称谓语境仍需审定。,298;453
帰投可能推進剤残量,返航燃料余量,candidate,050_UAF_DAY95_01.egpack,；历史候选草案，confirmed_translation 列有值不视作审核通过；原章定位 game_t01791_ruby,811
常に忠誠,永远忠诚,candidate,070_UAF_DAY97_01.egpack,；历史候选草案，confirmed_translation 列有值不视作审核通过；原章定位 game_t02793_ruby,712
常に忠誠を,永远忠诚,candidate,050_UAF_DAY95_01.egpack,；历史候选草案，confirmed_translation 列有值不视作审核通过；原章定位 game_t01693_ruby,713
性能のいい,性能好的,candidate,050_UAF_DAY95_01.egpack,；历史候选草案，confirmed_translation 列有值不视作审核通过；原章定位 game_t01723_ruby,812
惑星,行星,candidate,090_UAF_DAY99_01 / 100_UAF_DAY100_01 / 090_UAF_DAY99_01.egpack,【依据1】旧混合表；出现不等于译法正确；仅证实在本作出现；译法、单字子串及称谓语境仍需审定。 【依据2】；历史候选草案，confirmed_translation 列有值不视作审核通过；原章定位 game_t03238,300;647
我々海兵戦術機隊,我方海军陆战队战术机队,candidate,090_UAF_DAY99_01 / 090_UAF_DAY99_01.egpack,【依据1】旧混合表；出现不等于译法正确；仅证实在本作出现；译法、单字子串及称谓语境仍需审定。 【依据2】；历史候选草案，confirmed_translation 列有值不视作审核通过；原章定位 game_t03145,301;725
我々海兵隊,我方海军陆战队,candidate,090_UAF_DAY99_01 / 090_UAF_DAY99_01.egpack,【依据1】旧混合表；出现不等于译法正确；仅证实在本作出现；译法、单字子串及称谓语境仍需审定。 【依据2】；历史候选草案，confirmed_translation 列有值不视作审核通过；原章定位 game_t03190,302;726
戦没将兵追悼記念日,阵亡将士纪念日,candidate,060_UAF_DAY96_01.egpack,；历史候选草案，confirmed_translation 列有值不视作审核通过；原章定位 game_t02704_ruby,714
戦術機,战术机,candidate,具体篇章／场景见关联来源,【依据1】旧混合表；出现不等于译法正确；仅证实在本作出现；译法、单字子串及称谓语境仍需审定。 【依据2】日本简称；仅证实在本作出现；译法、单字子串及称谓语境仍需审定。 【依据3】旧 TSV 专名词库；不能按文件名认定全系列通用；仅证实在本作出现；译法、单字子串及称谓语境仍需审定。,303;404;448
戦術歩行戦闘機,战术机,candidate,020_UAF_DAY91_01 / 030_UAF_DAY93_01 / 050_UAF_DAY95_01 / 080_UAF_DAY98_01,【依据1】旧混合表；出现不等于译法正确；仅证实在本作出现；译法、单字子串及称谓语境仍需审定。 【依据2】日本全称；仅证实在本作出现；译法、单字子串及称谓语境仍需审定。 【依据3】旧 TSV 专名词库；不能按文件名认定全系列通用；仅证实在本作出现；译法、单字子串及称谓语境仍需审定。,309;405;447
戦車級,战车级,candidate,060_UAF_DAY96_01 / 090_UAF_DAY99_03,【依据1】旧混合表；出现不等于译法正确；仅证实在本作出现；译法、单字子串及称谓语境仍需审定。 【依据2】旧 TSV 专名词库；不能按文件名认定全系列通用；仅证实在本作出现；译法、单字子串及称谓语境仍需审定。,311;459
捜索隊,搜索队,candidate,020_UAF_DAY91_01 / 020_UAF_DAY91_01.egpack,【依据1】旧混合表；出现不等于译法正确；仅证实在本作出现；译法、单字子串及称谓语境仍需审定。 【依据2】；历史候选草案，confirmed_translation 列有值不视作审核通过；原章定位 game_t00251,312;589
捷報,捷报,candidate,010_UAFプロローグ.egpack,；历史候选草案，confirmed_translation 列有值不视作审核通过；原章定位 game_t00009_ruby,813
探検隊,探险队,candidate,020_UAF_DAY91_01 / 020_UAF_DAY91_01.egpack,【依据1】旧混合表；出现不等于译法正确；仅证实在本作出现；译法、单字子串及称谓语境仍需审定。 【依据2】；历史候选草案，confirmed_translation 列有值不视作审核通过；原章定位 game_t00089,313;632
探索部隊,探索部队,candidate,040_UAF_DAY94_01 / 040_UAF_DAY94_01.egpack,【依据1】旧混合表；出现不等于译法正确；仅证实在本作出现；译法、单字子串及称谓语境仍需审定。 【依据2】；历史候选草案，confirmed_translation 列有值不视作审核通过；原章定位 game_t01191,314;729
揚陸作戦,登陆作战,candidate,040_UAF_DAY94_01 / 040_UAF_DAY94_01.egpack,【依据1】旧混合表；出现不等于译法正确；仅证实在本作出现；译法、单字子串及称谓语境仍需审定。 【依据2】；历史候选草案，confirmed_translation 列有值不视作审核通过；原章定位 game_t00984,315;730
援軍,援军,candidate,090_UAF_DAY99_01 / 090_UAF_DAY99_01.egpack,【依据1】旧混合表；出现不等于译法正确；仅证实在本作出现；译法、单字子串及称谓语境仍需审定。 【依据2】；历史候选草案，confirmed_translation 列有值不视作审核通过；原章定位 game_t03122,316;633
攻略部隊,攻略部队,candidate,030_UAF_DAY93_01 / 030_UAF_DAY93_01.egpack,【依据1】旧混合表；出现不等于译法正确；仅证实在本作出现；译法、单字子串及称谓语境仍需审定。 【依据2】；历史候选草案，confirmed_translation 列有值不视作审核通过；原章定位 game_t00691,317;731
整備兵,整备兵,candidate,090_UAF_DAY99_01 / __speakers__.egpack,【依据1】旧混合表；出现不等于译法正确；仅证实在本作出现；译法、单字子串及称谓语境仍需审定。 【依据2】；历史候选草案，confirmed_translation 列有值不视作审核通过；原章定位 game_s00015,318;863
敵本隊,敌本队,candidate,090_UAF_DAY99_01 / 090_UAF_DAY99_01.egpack,【依据1】旧混合表；出现不等于译法正确；仅证实在本作出现；译法、单字子串及称谓语境仍需审定。 【依据2】；历史候选草案，confirmed_translation 列有值不视作审核通过；原章定位 game_t03149,319;732
日本帝国,日本帝国,candidate,040_UAF_DAY94_01 / 100_UAF_DAY100_01 / 040_UAF_DAY94_01.egpack,【依据1】旧混合表；出现不等于译法正确；仅证实在本作出现；译法、单字子串及称谓语境仍需审定。 【依据2】旧 TSV 专名词库；不能按文件名认定全系列通用；仅证实在本作出现；译法、单字子串及称谓语境仍需审定。 【依据3】；历史候选草案，confirmed_translation 列有值不视作审核通过；原章定位 game_t01499_ruby,320;454;814
未帰還,未归还,candidate,060_UAF_DAY96_01.egpack,；历史候选草案，confirmed_translation 列有值不视作审核通过；原章定位 game_t02068_ruby,815
本国,本国,candidate,030_UAF_DAY93_01 / 040_UAF_DAY94_01 / 060_UAF_DAY96_01 / 030_UAF_DAY93_01.egpack,【依据1】旧混合表；出现不等于译法正确；仅证实在本作出现；译法、单字子串及称谓语境仍需审定。 【依据2】；历史候选草案，confirmed_translation 列有值不视作审核通过；原章定位 game_t00677,321;532
本来の隊長,原本的队长,candidate,060_UAF_DAY96_01.egpack,；历史候选草案，confirmed_translation 列有值不视作审核通过；原章定位 game_t02644_ruby,816
機密開示証明,安全许可,candidate,040_UAF_DAY94_01.egpack,；历史候选草案，confirmed_translation 列有值不视作审核通过；原章定位 game_t01521_ruby,624
正純米国主義,纯正美国主义,candidate,040_UAF_DAY94_01.egpack,；历史候选草案，confirmed_translation 列有值不视作审核通过；原章定位 game_t01532_ruby,817
死体も出ない,连尸体都不会出现,candidate,060_UAF_DAY96_01.egpack,；历史候选草案，confirmed_translation 列有值不视作审核通过；原章定位 game_t02064_ruby,818
死体袋,尸袋,candidate,050_UAF_DAY95_01.egpack,；历史候选草案，confirmed_translation 列有值不视作审核通过；原章定位 game_t01889_ruby,819
母艦,母舰,candidate,030_UAF_DAY93_01.egpack,；历史候选草案，confirmed_translation 列有值不视作审核通过；原章定位 game_t00626_ruby,820
母艦自体,母舰本身,candidate,020_UAF_DAY91_01.egpack,；历史候选草案，confirmed_translation 列有值不视作审核通过；原章定位 game_t00091_ruby,821
汚れ,污垢,candidate,020_UAF_DAY91_01.egpack,；历史候选草案，confirmed_translation 列有值不视作审核通过；原章定位 game_t00480_ruby,822
注意を怠るな,不得疏忽警戒,candidate,050_UAF_DAY95_01.egpack,；历史候选草案，confirmed_translation 列有值不视作审核通过；原章定位 game_t01687_ruby,823
海兵第３１８戦術機隊,海军陆战队第318战术机队,candidate,090_UAF_DAY99_01.egpack,；历史候选草案，confirmed_translation 列有值不视作审核通过；原章定位 game_t03238_ruby,824
海兵連隊,海军陆战队团,candidate,030_UAF_DAY93_01 / 030_UAF_DAY93_01.egpack,【依据1】旧混合表；出现不等于译法正确；仅证实在本作出现；译法、单字子串及称谓语境仍需审定。 【依据2】；历史候选草案，confirmed_translation 列有值不视作审核通过；原章定位 game_t00759,331;739
海兵隊,海军陆战队,candidate,具体篇章／场景见关联来源,【依据1】旧混合表；出现不等于译法正确；仅证实在本作出现；译法、单字子串及称谓语境仍需审定。 【依据2】；历史候选草案，confirmed_translation 列有值不视作审核通过；原章定位 game_t00213,332;509
海兵隊同士,海军陆战队同僚,candidate,030_UAF_DAY93_01 / 040_UAF_DAY94_01 / 060_UAF_DAY96_01 / 030_UAF_DAY93_01.egpack,【依据1】旧混合表；出现不等于译法正确；仅证实在本作出现；译法、单字子串及称谓语境仍需审定。 【依据2】；历史候选草案，confirmed_translation 列有值不视作审核通过；原章定位 game_t00602,333;566
海兵隊第,海军陆战队第,candidate,020_UAF_DAY91_01 / 030_UAF_DAY93_01 / 050_UAF_DAY95_01 / 080_UAF_DAY98_01 / 030_UAF_DAY93_01.egpack,【依据1】旧混合表；出现不等于译法正确；仅证实在本作出现；译法、单字子串及称谓语境仍需审定。 【依据2】；历史候选草案，confirmed_translation 列有值不视作审核通过；原章定位 game_t00665,337;590
海兵隊第３１８戦術機隊,海军陆战队第318战术机队,candidate,030_UAF_DAY93_01.egpack,；历史候选草案，confirmed_translation 列有值不视作审核通过；原章定位 game_t00738_ruby,825
海軍,海军,candidate,具体篇章／场景见关联来源,【依据1】旧混合表；出现不等于译法正确；仅证实在本作出现；译法、单字子串及称谓语境仍需审定。 【依据2】；历史候选草案，confirmed_translation 列有值不视作审核通过；原章定位 game_t00083,339;519
海軍側,海军方面,candidate,030_UAF_DAY93_01 / 090_UAF_DAY99_01 / 030_UAF_DAY93_01.egpack,【依据1】旧混合表；出现不等于译法正确；仅证实在本作出现；译法、单字子串及称谓语境仍需审定。 【依据2】；历史候选草案，confirmed_translation 列有值不视作审核通过；原章定位 game_t00775,340;636
物資,物资,candidate,060_UAF_DAY96_01.egpack,；历史候选草案，confirmed_translation 列有值不视作审核通过；原章定位 game_t02576_ruby,827
特技,特长,candidate,040_UAF_DAY94_01.egpack,；历史候选草案，confirmed_translation 列有值不视作审核通过；原章定位 game_t01558_ruby,828
状況に鑑み,鉴于情况,candidate,060_UAF_DAY96_01.egpack,；历史候选草案，confirmed_translation 列有值不视作审核通过；原章定位 game_t02451_ruby,829
生涯忠誠,终身忠诚,candidate,090_UAF_DAY99_01.egpack,；历史候选草案，confirmed_translation 列有值不视作审核通过；原章定位 game_t03229_ruby,830
男,男性,candidate,具体篇章／场景见关联来源,【依据1】旧混合表；出现不等于译法正确；仅证实在本作出现；译法、单字子串及称谓语境仍需审定。 【依据2】从 TDA02/TDA03 __speakers__.egpack 的 jp 槽抽取，禁止用英文 speaker 作为原文；仅证实在本作出现；译法、单字子串及称谓语境仍需审定。 【依据3】旧 TSV 专名词库；不能按文件名认定全系列通用；仅证实在本作出现；译法、单字子串及称谓语境仍需审定。,345;437;494
男の子,少年,candidate,060_UAF_DAY96_01,【依据1】旧混合表；出现不等于译法正确；仅证实在本作出现；译法、单字子串及称谓语境仍需审定。 【依据2】从 TDA02/TDA03 __speakers__.egpack 的 jp 槽抽取，禁止用英文 speaker 作为原文；仅证实在本作出现；译法、单字子串及称谓语境仍需审定。 【依据3】旧 TSV 专名词库；不能按文件名认定全系列通用；仅证实在本作出现；译法、单字子串及称谓语境仍需审定。,346;438;495
目的地,目的地,candidate,010_UAFプロローグ / 070_UAF_DAY97_01 / 010_UAFプロローグ.egpack,【依据1】旧混合表；出现不等于译法正确；仅证实在本作出现；译法、单字子串及称谓语境仍需审定。 【依据2】；历史候选草案，confirmed_translation 列有值不视作审核通过；原章定位 game_t00006,347;648
相棒,搭档,candidate,060_UAF_DAY96_01.egpack,；历史候选草案，confirmed_translation 列有值不视作审核通过；原章定位 game_t02645_ruby,831
神宮司,神宫司,candidate,100_UAF_DAY100_01,【依据1】旧混合表；出现不等于译法正确；仅证实在本作出现；译法、单字子串及称谓语境仍需审定。 【依据2】姓氏；全名按神宫司麻理茉；仅证实在本作出现；译法、单字子串及称谓语境仍需审定。 【依据3】旧 TSV 专名词库；不能按文件名认定全系列通用；仅证实在本作出现；译法、单字子串及称谓语境仍需审定。,348;415;472
神宮司まりも,神宫司麻理茉,candidate,100_UAF_DAY100_01,【依据1】旧混合表；出现不等于译法正确；仅证实在本作出现；译法、单字子串及称谓语境仍需审定。 【依据2】用户确认：TDA01-03 固定译名；仅证实在本作出现；译法、单字子串及称谓语境仍需审定。 【依据3】旧 TSV 专名词库；不能按文件名认定全系列通用；仅证实在本作出现；译法、单字子串及称谓语境仍需审定。,349;403;445
神宮司まりも少佐,神宫司麻理茉少佐,candidate,100_UAF_DAY100_01,【依据1】旧混合表；出现不等于译法正确；仅证实在本作出现；译法、单字子串及称谓语境仍需审定。 【依据2】旧 TSV 专名词库；不能按文件名认定全系列通用；仅证实在本作出现；译法、单字子串及称谓语境仍需审定。,350;471
神宮司少佐,神宫司少佐,candidate,100_UAF_DAY100_01 / __speakers__.egpack,【依据1】旧混合表；出现不等于译法正确；仅证实在本作出现；译法、单字子串及称谓语境仍需审定。 【依据2】按日文原文军衔固定；仅证实在本作出现；译法、单字子串及称谓语境仍需审定。 【依据3】旧 TSV 专名词库；不能按文件名认定全系列通用；仅证实在本作出现；译法、单字子串及称谓语境仍需审定。 【依据4】；历史候选草案，confirmed_translation 列有值不视作审核通过；原章定位 game_s00000,351;414;470;864
突撃,突击,candidate,090_UAF_DAY99_01.egpack,；历史候选草案，confirmed_translation 列有值不视作审核通过；原章定位 game_t03214_ruby,832
突撃砲,突击炮,candidate,090_UAF_DAY99_01,【依据1】旧混合表；出现不等于译法正确；仅证实在本作出现；译法、单字子串及称谓语境仍需审定。 【依据2】旧 TSV 专名词库；不能按文件名认定全系列通用；仅证实在本作出现；译法、单字子串及称谓语境仍需审定。,352;461
突撃級,突击级,candidate,090_UAF_DAY99_01 / 090_UAF_DAY99_02 / 090_UAF_DAY99_03,【依据1】旧混合表；出现不等于译法正确；仅证实在本作出现；译法、单字子串及称谓语境仍需审定。 【依据2】旧 TSV 专名词库；不能按文件名认定全系列通用；仅证实在本作出现；译法、单字子串及称谓语境仍需审定。,353;458
第三次作戦,第三次作战,candidate,030_UAF_DAY93_01 / 030_UAF_DAY93_01.egpack,【依据1】旧混合表；出现不等于译法正确；仅证实在本作出现；译法、单字子串及称谓语境仍需审定。 【依据2】；历史候选草案，confirmed_translation 列有值不视作审核通过；原章定位 game_t00688,354;638
第３１８戦術機隊は諦めない,第318战术机队绝不放弃,candidate,020_UAF_DAY91_01.egpack,；历史候选草案，confirmed_translation 列有值不视作审核通过；原章定位 game_t00086_ruby,833
第３１８戦術歩行戦闘機隊,第318战术步行战斗机队,candidate,020_UAF_DAY91_01 / 050_UAF_DAY95_01 / 080_UAF_DAY98_01 / 020_UAF_DAY91_01.egpack,【依据1】旧混合表；出现不等于译法正确；仅证实在本作出现；译法、单字子串及称谓语境仍需审定。 【依据2】；历史候选草案，confirmed_translation 列有值不视作审核通过；原章定位 game_t00152,357;552
第５３６戦術歩行戦闘機隊,第536战术步行战斗机队,candidate,030_UAF_DAY93_01 / 030_UAF_DAY93_01.egpack,【依据1】旧混合表；出现不等于译法正确；仅证实在本作出现；译法、单字子串及称谓语境仍需审定。 【依据2】；历史候选草案，confirmed_translation 列有值不视作审核通过；原章定位 game_t00665,360;747
米国海兵隊第,美国海军陆战队第,candidate,020_UAF_DAY91_01 / 050_UAF_DAY95_01 / 020_UAF_DAY91_01.egpack,【依据1】旧混合表；出现不等于译法正确；仅证实在本作出现；译法、单字子串及称谓语境仍需审定。 【依据2】；历史候选草案，confirmed_translation 列有值不视作审核通过；原章定位 game_t00152,366;553
米国籍,美国国籍,candidate,040_UAF_DAY94_01 / 040_UAF_DAY94_01.egpack,【依据1】旧混合表；出现不等于译法正确；仅证实在本作出现；译法、单字子串及称谓语境仍需审定。 【依据2】；历史候选草案，confirmed_translation 列有值不视作审核通过；原章定位 game_t01216,367;642
総員気をつけ,全员立正,candidate,030_UAF_DAY93_01.egpack,；历史候选草案，confirmed_translation 列有值不视作审核通过；原章定位 game_t00664_ruby,836
航海長,航海长,candidate,080_UAF_DAY98_01 / 090_UAF_DAY99_01 / 090_UAF_DAY99_02 / 090_UAF_DAY99_03 / __speakers__.egpack,【依据1】旧混合表；出现不等于译法正确；仅证实在本作出现；译法、单字子串及称谓语境仍需审定。 【依据2】；历史候选草案，confirmed_translation 列有值不视作审核通过；原章定位 game_s00016,371;865
艦長,舰长,candidate,具体篇章／场景见关联来源,【依据1】旧混合表；出现不等于译法正确；仅证实在本作出现；译法、单字子串及称谓语境仍需审定。 【依据2】军事称谓；仅证实在本作出现；译法、单字子串及称谓语境仍需审定。 【依据3】旧 TSV 专名词库；不能按文件名认定全系列通用；仅证实在本作出现；译法、单字子串及称谓语境仍需审定。 【依据4】；历史候选草案，confirmed_translation 列有值不视作审核通过；原章定位 game_t00582,372;407;463;513
艦隊,舰队,candidate,020_UAF_DAY91_01 / 020_UAF_DAY91_01.egpack,【依据1】旧混合表；出现不等于译法正确；仅证实在本作出现；译法、单字子串及称谓语境仍需审定。 【依据2】；历史候选草案，confirmed_translation 列有值不视作审核通过；原章定位 game_t00272,373;748
衛士,卫士,candidate,具体篇章／场景见关联来源,【依据1】旧混合表；出现不等于译法正确；仅证实在本作出现；译法、单字子串及称谓语境仍需审定。 【依据2】TSF pilot / surface pilot 固定译名；仅证实在本作出现；译法、单字子串及称谓语境仍需审定。 【依据3】旧 TSV 专名词库；不能按文件名认定全系列通用；仅证实在本作出现；译法、单字子串及称谓语境仍需审定。,375;406;449
衛星,卫星,candidate,020_UAF_DAY91_01 / 030_UAF_DAY93_01 / 060_UAF_DAY96_01 / 090_UAF_DAY99_01 / 030_UAF_DAY93_01.egpack,【依据1】旧混合表；出现不等于译法正确；仅证实在本作出现；译法、单字子串及称谓语境仍需审定。 【依据2】；历史候选草案，confirmed_translation 列有值不视作审核通过；原章定位 game_t00853,377;524
西洋風の名前をつけてまで,甚至取了西式名字,candidate,040_UAF_DAY94_01.egpack,；历史候选草案，confirmed_translation 列有值不视作审核通过；原章定位 game_t01229_ruby,837
要塞級,要塞级,candidate,090_UAF_DAY99_03,【依据1】旧混合表；出现不等于译法正确；仅证实在本作出现；译法、单字子串及称谓语境仍需审定。 【依据2】旧 TSV 专名词库；不能按文件名认定全系列通用；仅证实在本作出现；译法、单字子串及称谓语境仍需审定。,378;457
要領,要领,candidate,050_UAF_DAY95_01 / 090_UAF_DAY99_01 / 050_UAF_DAY95_01.egpack,【依据1】旧混合表；出现不等于译法正确；仅证实在本作出现；译法、单字子串及称谓语境仍需审定。 【依据2】；历史候选草案，confirmed_translation 列有值不视作审核通过；原章定位 game_t01597,379;650
認識票,身份牌,candidate,050_UAF_DAY95_01.egpack,；历史候选草案，confirmed_translation 列有值不视作审核通过；原章定位 game_t01918_ruby,838
誘導弾,诱导弹,candidate,090_UAF_DAY99_01,【依据1】旧混合表；出现不等于译法正确；仅证实在本作出现；译法、单字子串及称谓语境仍需审定。 【依据2】TDA fixed: do not mix with missile；仅证实在本作出现；译法、单字子串及称谓语境仍需审定。,380;401
誰かが,有人,candidate,040_UAF_DAY94_01.egpack,；历史候选草案，confirmed_translation 列有值不视作审核通过；原章定位 game_t01328_ruby,839
識別票,识别牌,candidate,050_UAF_DAY95_01.egpack,；历史候选草案，confirmed_translation 列有值不视作审核通过；原章定位 game_t01896_ruby,840
跳躍ユニット,跳跃单元,candidate,090_UAF_DAY99_02 / 090_UAF_DAY99_03,【依据1】旧混合表；出现不等于译法正确；仅证实在本作出现；译法、单字子串及称谓语境仍需审定。 【依据2】旧 TSV 专名词库；不能按文件名认定全系列通用；仅证实在本作出现；译法、单字子串及称谓语境仍需审定。,382;462
軍人,军人,candidate,050_UAF_DAY95_01 / 060_UAF_DAY96_01 / 060_UAF_DAY96_01.egpack,【依据1】旧混合表；出现不等于译法正确；仅证实在本作出现；译法、单字子串及称谓语境仍需审定。 【依据2】；历史候选草案，confirmed_translation 列有值不视作审核通过；原章定位 game_t02097,383;568
軍医,军医,candidate,030_UAF_DAY93_01 / __speakers__.egpack,【依据1】旧混合表；出现不等于译法正确；仅证实在本作出现；译法、单字子串及称谓语境仍需审定。 【依据2】；历史候选草案，confirmed_translation 列有值不视作审核通过；原章定位 game_s00017,384;866
軍隊,军队,candidate,060_UAF_DAY96_01 / 080_UAF_DAY98_01 / 090_UAF_DAY99_01 / 060_UAF_DAY96_01.egpack,【依据1】旧混合表；出现不等于译法正确；仅证实在本作出现；译法、单字子串及称谓语境仍需审定。 【依据2】；历史候选草案，confirmed_translation 列有值不视作审核通过；原章定位 game_t02125,386;595
輸送任務,运输任务,candidate,040_UAF_DAY94_01.egpack,；历史候选草案，confirmed_translation 列有值不视作审核通过；原章定位 game_t01497_ruby,841
近接兵器,近接武器,candidate,090_UAF_DAY99_02.egpack,；历史候选草案，confirmed_translation 列有值不视作审核通过；原章定位 game_t03493_ruby,842
通信可能全域部隊,通信范围内全体部队,candidate,090_UAF_DAY99_01 / 090_UAF_DAY99_01.egpack,【依据1】旧混合表；出现不等于译法正确；仅证实在本作出现；译法、单字子串及称谓语境仍需审定。 【依据2】；历史候选草案，confirmed_translation 列有值不视作审核通过；原章定位 game_t03240,387;749
選択肢,选项,candidate,060_UAF_DAY96_01.egpack,；历史候选草案，confirmed_translation 列有值不视作审核通过；原章定位 game_t02221_ruby,843
部隊,部队,candidate,具体篇章／场景见关联来源,【依据1】旧混合表；出现不等于译法正确；仅证实在本作出现；译法、单字子串及称谓语境仍需审定。 【依据2】；历史候选草案，confirmed_translation 列有值不视作审核通过；原章定位 game_t00686,388;569
重くても,再重也,candidate,020_UAF_DAY91_01.egpack,；历史候选草案，confirmed_translation 列有值不视作审核通过；原章定位 game_t00374_ruby,844
陸地,陆地,candidate,020_UAF_DAY91_01 / 030_UAF_DAY93_01 / 050_UAF_DAY95_01 / 020_UAF_DAY91_01.egpack,【依据1】旧混合表；出现不等于译法正确；仅证实在本作出现；译法、单字子串及称谓语境仍需审定。 【依据2】；历史候选草案，confirmed_translation 列有值不视作审核通过；原章定位 game_t00442,390;601
隊員,部队成员,candidate,具体篇章／场景见关联来源,旧混合表；出现不等于译法正确；仅证实在本作出现；译法、单字子串及称谓语境仍需审定。,391
隊員,队员,candidate,具体篇章／场景见关联来源,【依据1】从 TDA02/TDA03 __speakers__.egpack 的 jp 槽抽取，禁止用英文 speaker 作为原文；仅证实在本作出现；译法、单字子串及称谓语境仍需审定。 【依据2】旧 TSV 专名词库；不能按文件名认定全系列通用；仅证实在本作出现；译法、单字子串及称谓语境仍需审定。,435;492
隊長,队长,candidate,具体篇章／场景见关联来源,【依据1】旧混合表；出现不等于译法正确；仅证实在本作出现；译法、单字子串及称谓语境仍需审定。 【依据2】从 TDA02/TDA03 __speakers__.egpack 的 jp 槽抽取，禁止用英文 speaker 作为原文；仅证实在本作出现；译法、单字子串及称谓语境仍需审定。 【依据3】旧 TSV 专名词库；不能按文件名认定全系列通用；仅证实在本作出现；译法、单字子串及称谓语境仍需审定。 【依据4】；历史候选草案，confirmed_translation 列有值不视作审核通过；原章定位 game_t00104,392;436;493;504
集結予定地,预定集结地点,candidate,030_UAF_DAY93_01 / 060_UAF_DAY96_01 / 030_UAF_DAY93_01.egpack,【依据1】旧混合表；出现不等于译法正确；仅证实在本作出现；译法、单字子串及称谓语境仍需审定。 【依据2】；历史候选草案，confirmed_translation 列有值不视作审核通过；原章定位 game_t00723,393;652
静止衛星,静止卫星,candidate,020_UAF_DAY91_01 / 030_UAF_DAY93_01 / 020_UAF_DAY91_01.egpack,【依据1】旧混合表；出现不等于译法正确；仅证实在本作出现；译法、单字子串及称谓语境仍需审定。 【依据2】；历史候选草案，confirmed_translation 列有值不视作审核通过；原章定位 game_t00090,394;602
響,响,candidate,具体篇章／场景见关联来源,【依据1】旧混合表；出现不等于译法正确；仅证实在本作出现；译法、单字子串及称谓语境仍需审定。 【依据2】从 TDA02/TDA03 __speakers__.egpack 的 jp 槽抽取，禁止用英文 speaker 作为原文；仅证实在本作出现；译法、单字子串及称谓语境仍需审定。 【依据3】旧 TSV 专名词库；不能按文件名认定全系列通用；仅证实在本作出现；译法、单字子串及称谓语境仍需审定。,395;428;485
頭でっかち,头重脚轻,candidate,030_UAF_DAY93_01.egpack,；历史候选草案，confirmed_translation 列有值不视作审核通过；原章定位 game_t00803_ruby,845
２機分隊行動,双机分队行动,candidate,050_UAF_DAY95_01.egpack,；历史候选草案，confirmed_translation 列有值不视作审核通过；原章定位 game_t01867_ruby,846
９６日が経ちました,已经过了96天,candidate,060_UAF_DAY96_01.egpack,；历史候选草案，confirmed_translation 列有值不视作审核通过；原章定位 game_t02466_ruby,847
Ａ－６,A-6,candidate,040_UAF_DAY94_01.egpack,；历史候选草案，confirmed_translation 列有值不视作审核通过；原章定位 game_t01294,700
ＢＥＴＡ,BETA,candidate,020_UAF_DAY91_01.egpack,；历史候选草案，confirmed_translation 列有值不视作审核通过；原章定位 game_t00527,508
Ｃ２８,C28,candidate,040_UAF_DAY94_01.egpack,；历史候选草案，confirmed_translation 列有值不视作审核通过；原章定位 game_t01562,577
ＣＶＮ－６７,CVN-67,candidate,020_UAF_DAY91_01.egpack,；历史候选草案，confirmed_translation 列有值不视作审核通过；原章定位 game_t00530,701
Ｅ１２,E12,candidate,050_UAF_DAY95_01.egpack,；历史候选草案，confirmed_translation 列有值不视作审核通过；原章定位 game_t01749,619
Ｆ－１８Ｅ,F-18E,candidate,020_UAF_DAY91_01.egpack,【依据1】；历史候选草案，confirmed_translation 列有值不视作审核通过；原章定位 game_t00318 【依据2】；历史候选草案，confirmed_translation 列有值不视作审核通过；原章定位 game_t00318_ruby,578;848
Ｇ－Ｄ,G-D,candidate,060_UAF_DAY96_01.egpack,；历史候选草案，confirmed_translation 列有值不视作审核通过；原章定位 game_t02312,620
ＧＰＳ,GPS,candidate,020_UAF_DAY91_01.egpack,；历史候选草案，confirmed_translation 列有值不视作审核通过；原章定位 game_t00026,526
ＪＦＫ,JFK,candidate,具体篇章／场景见关联来源,【依据1】TDA专有名词固定；英文对应：JFK；仅证实在本作出现；译法、单字子串及称谓语境仍需审定。 【依据2】旧 TSV 专名词库；不能按文件名认定全系列通用；仅证实在本作出现；译法、单字子串及称谓语境仍需审定。 【依据3】；历史候选草案，confirmed_translation 列有值不视作审核通过；原章定位 game_t00281 【依据4】；历史候选草案，confirmed_translation 列有值不视作审核通过；原章定位 game_t00936_ruby,440;497;506;849
ＪＦＫオペレーター,JFK操作员,candidate,具体篇章／场景见关联来源,【依据1】旧混合表；出现不等于译法正确；仅证实在本作出现；译法、单字子串及称谓语境仍需审定。 【依据2】；历史候选草案，confirmed_translation 列有值不视作审核通过；原章定位 game_s00018,398;867
ＪＦＫオペレーター１,JFK操作员1,candidate,090_UAF_DAY99_01 / 090_UAF_DAY99_02 / 090_UAF_DAY99_03 / __speakers__.egpack,【依据1】旧混合表；出现不等于译法正确；仅证实在本作出现；译法、单字子串及称谓语境仍需审定。 【依据2】；历史候选草案，confirmed_translation 列有值不视作审核通过；原章定位 game_s00019,399;868
ＪＦＫオペレーター２,JFK操作员2,candidate,090_UAF_DAY99_01 / 090_UAF_DAY99_02 / 090_UAF_DAY99_03 / __speakers__.egpack,【依据1】旧混合表；出现不等于译法正确；仅证实在本作出现；译法、单字子串及称谓语境仍需审定。 【依据2】；历史候选草案，confirmed_translation 列有值不视作审核通过；原章定位 game_s00020,400;869
ＫＩＡ,KIA,candidate,090_UAF_DAY99_03.egpack,；历史候选草案，confirmed_translation 列有值不视作审核通过；原章定位 game_t03495,702
Ｍ－４,M-4,candidate,030_UAF_DAY93_01.egpack,；历史候选草案，confirmed_translation 列有值不视作审核通过；原章定位 game_t00560,703
オール・ナイヴス,黑刃全机,reference,本作；详见使用限制,本作术语采用“黑刀全机”；此条保留不同来源或语境的中文，适用性见原依据，不自动作为同一语境的替代译法。仅作翻译审校参考；确认对应专名/军事称谓后使用，不自动替换正文；来自上一轮暂定专表，不是历史全量基线。,9
ナイヴス,黑刃,reference,本作；详见使用限制,本作术语采用“黑刀”；此条保留不同来源或语境的中文，适用性见原依据，不自动作为同一语境的替代译法。仅作翻译审校参考；确认对应专名/军事称谓后使用，不自动替换正文；来自上一轮暂定专表，不是历史全量基线。,37
ナイヴス・リード,黑刃长机,reference,本作；详见使用限制,本作术语采用“黑刀长机”；此条保留不同来源或语境的中文，适用性见原依据，不自动作为同一语境的替代译法。仅作翻译审校参考；确认对应专名/军事称谓后使用，不自动替换正文；来自上一轮暂定专表，不是历史全量基线。,38
ナイヴス１,黑刃1,reference,本作；详见使用限制,本作术语采用“黑刀1”；此条保留不同来源或语境的中文，适用性见原依据，不自动作为同一语境的替代译法。仅作翻译审校参考；确认对应专名/军事称谓后使用，不自动替换正文；来自上一轮暂定专表，不是历史全量基线。,39
ナイヴス２,黑刃2,reference,本作；详见使用限制,本作术语采用“黑刀2”；此条保留不同来源或语境的中文，适用性见原依据，不自动作为同一语境的替代译法。仅作翻译审校参考；确认对应专名/军事称谓后使用，不自动替换正文；来自上一轮暂定专表，不是历史全量基线。,40
ナイヴス３,黑刃3,reference,本作；详见使用限制,本作术语采用“黑刀3”；此条保留不同来源或语境的中文，适用性见原依据，不自动作为同一语境的替代译法。仅作翻译审校参考；确认对应专名/军事称谓后使用，不自动替换正文；来自上一轮暂定专表，不是历史全量基线。,41
ナイヴス３カタパルト,黑刃3弹射器,reference,本作；详见使用限制,本作术语采用“黑刀3弹射器”；此条保留不同来源或语境的中文，适用性见原依据，不自动作为同一语境的替代译法。仅作翻译审校参考；确认对应专名/军事称谓后使用，不自动替换正文；来自上一轮暂定专表，不是历史全量基线。,42
ブラック・ナイヴス,黑刃,reference,本作；详见使用限制,本作术语采用“黑刀”；此条保留不同来源或语境的中文，适用性见原依据，不自动作为同一语境的替代译法。仅作翻译审校参考；确认对应专名/军事称谓后使用，不自动替换正文；来自上一轮暂定专表，不是历史全量基线。,58
伍長,伍长,reference,本作；详见使用限制,本作术语采用“下士”；此条保留不同来源或语境的中文，适用性见原依据，不自动作为同一语境的替代译法。仅作翻译审校参考；确认对应专名/军事称谓后使用，不自动替换正文；来自上一轮暂定专表，不是历史全量基线。,84
