jp,cn,context
ほんとうのたからもの,真正的宝物,沿用LE旧译；限本作同一对象；作品、节目或媒体标题的专名；只用于该作品。定位：kiminozs/26水月Trueルート_09_最終日/game_t45327；LE 098:776。
やっちまいましたノート,失误笔记,沿用LE旧译；限本作同一对象；原文以书名号式引号标出特定笔记的名称，译法固定。定位：kiminozs/22本編第２部_8月05日（日）/game_t22544；kiminozs/35あゆまゆルート_8月15日（水）/game_t57400；LE 109:974；LE 109:988；LE 194:147。
ガメスト,Gamest,沿用LE旧译；限本作同一对象；作品、节目或媒体标题的专名；只用于该作品。定位：kiminozs/10プロローグ_7月10日（金）/game_t03018；LE 157:315。
ケンジ,健司,本作相关人物ケンジ；不扩用于其他同音人名；人物姓名或姓氏专名；只在已确认指向该人物时固定译法。定位：kiminozs/22本編第２部_8月08日（水）/game_t26227；LE 049:1314；LE 049:1850。
ネビュラチェーン,Nebula　Chain,本作便利店连锁名；不是人名或战斗招式；作品中命名的特定物件或标题；适用范围内译法固定。定位：kiminozs/11遙ルート_08月27日B/game_t08459；kiminozs/12水月_茜ルート_07月20日終業式/game_t09561；kiminozs/12水月_茜ルート_07月23日水月がイジメに遭う日/game_t10023；LE 070:228；LE 070:235；LE 190:352；LE 200:494。
ヒッチコック劇場,希区柯克剧场,沿用LE旧译；限本作同一对象；作品、节目或媒体标题的专名；只用于该作品。定位：kiminozs/10プロローグ_8月20日（木）/game_t07276；LE 040:186。
フォレックス,FOREX,水月游泳职业选择涉及的企业或运动队；企业性质与中英文标准写法待场景核实；水月游泳职业选择中指特定企业或队伍的片假名专名；具体性质仍按场景限定。定位：kiminozs/11遙ルート_08月27日B/game_t08992；kiminozs/12水月_茜ルート_08月27日水月誕生日/game_t11611；kiminozs/13a茜専用ルート_09月X日/game_t13239；LE 110:113；LE 110:150；LE 110:823；LE 110:996。
マヤウル,玛雅乌露,绘本《マヤウルのおくりもの》中的绿色妖精般角色本名；与整部绘本标题分开记载；在所列语境中是可识别的专名，且已有固定译法；不扩展到普通同形词。定位：kiminozs/10プロローグ_7月04日（土）/game_t01075；kiminozs/10プロローグ_7月06日（月）/game_t01522；kiminozs/10プロローグ_8月09日（日）/game_t05553；kiminozs/10プロローグ_8月20日（木）/game_t07237；kiminozs/10プロローグ_8月27日/game_t07925；kiminozs/11遙ルート_08月27日/game_t08249；LE 070:351。
マヤウルのおくりもの,玛雅乌露的礼物,遥在书店够取的绘本及后续同一作品；作品、节目或媒体标题的专名；只用于该作品。定位：kiminozs/10プロローグ_7月04日（土）/game_t01075；kiminozs/10プロローグ_7月06日（月）/game_t01522；kiminozs/10プロローグ_8月09日（日）/game_t05553；kiminozs/10プロローグ_8月20日（木）/game_t07237；kiminozs/10プロローグ_8月27日/game_t07925；kiminozs/11遙ルート_08月27日/game_t08249；LE 095:2447。
リトル・コロラド,小科罗拉多,爱美纯爱路线电影院正在上映的爱情电影标题；不当作地名；作品中命名的特定物件或标题；适用范围内译法固定。定位：kiminozs/41愛美純愛ルート_8月16日（木）/game_t73018；LE 186:88；LE 186:89；LE 186:109。
一億万回死んだイヌ,死了一万亿次的狗,沿用LE旧译；限本作同一对象；作品、节目或媒体标题的专名；只用于该作品。定位：kiminozs/10プロローグ_7月09日（木）/game_t02760；kiminozs/10プロローグ_8月09日（日）/game_t05883；kiminozs/11遙ルート_08月27日/game_t08308；LE 145:845；LE 146:493；LE 240:1255；LE 240:1604。
世界うるるんカンブリア紀,世界URURUN寒武纪,沿用LE旧译；限本作同一对象；作品、节目或媒体标题的专名；只用于该作品。定位：kiminozs/10プロローグ_7月06日（月）/game_t01230；LE 039:211。
世界水泳,世界游泳锦标赛,本作提及的世界游泳赛事名称；明确的世界级游泳赛事名称，适用范围内译名固定。定位：kiminozs/11遙ルート_08月27日B/game_t08985；LE 110:90；LE 110:144。
健康戦隊トレッキング５,健康战队Trekking5,沿用LE旧译；限本作同一对象；作品、节目或媒体标题的专名；只用于该作品。定位：kiminozs/10プロローグ_7月08日（水）/game_t02383；LE 121:1490。
千鶴,千鹤,榊千鹤的单独名字；完整姓名另列，不把普通词或无关同名对象一并替换。定位：kiminozs/500遙アフター_020OVA３話相当/game_t80187；kiminozs/520茜アフター_2001年10月11日（木）/game_t85460；kiminozs/520茜アフター_2001年10月11日（木）002/game_t85806；kiminozs/520茜アフター_2001年10月12日（金）/game_t86247；kiminozs/520茜アフター_2001年10月13日（土）/game_t86993；LE 119:1643；LE 141:2727。
吉田,吉田,本作出现的吉田姓氏；确认人物指代后使用；人物姓名或姓氏专名；只在已确认指向该人物时固定译法。定位：LE 048:2875；LE 048:2883；LE 048:2891。
夕呼,夕呼,香月夕呼的单独名字；素子明确说她是三姐妹中最小的妹妹，和香月モトコ区分；人物姓名或姓氏专名；只在已确认指向该人物时固定译法。定位：kiminozs/500遙アフター_020OVA４話相当/game_t80868；LE 154:370；LE 154:559；LE 154:569；LE 154:607。
大空寺あゆ,大空寺亚由,本作角色全名；大空寺单用及あゆ昵称应按说话人处理；人物姓名或姓氏专名；只在已确认指向该人物时固定译法。定位：kiminoaz/024大空寺降臨_01大空寺降臨/game_t00062；kiminozs/22本編第２部_8月05日（日）/game_t22653；kiminozs/22本編第２部_8月09日（木）/game_t27523；kiminozs/36あゆ専用ルート_8月25日（土）/game_t63338；LE 029:678；LE 066:678；LE 109:1213。
大空寺グループ,大空寺集团,大空寺家企业集团，不用作人物称呼；特定地点、机构或活动的专名；按所列范围固定译法。定位：kiminoaz/024大空寺降臨_01大空寺降臨/game_t00028；kiminozs/36あゆ専用ルート_8月22日（水）/game_t61581；LE 257:398。
大空寺財閥,大空寺财阀,本作大空寺家的财阀名称；特定地点、机构或活动的专名；按所列范围固定译法。定位：kiminozs/36あゆ専用ルート_8月22日（水）/game_t61881；kiminozs/36あゆ専用ルート_8月23日（木）/game_t62158；kiminozs/36あゆ専用ルート_8月25日（土）/game_t63713；LE 066:1521；LE 257:1033；LE 264:334。
天川蛍,天川萤,本篇医院人物全名；昵称蛍ちゃん另按说话人判定；人物姓名或姓氏专名；只在已确认指向该人物时固定译法。定位：kiminozs/21本編第１部_8月01日（水）/game_t17532；kiminozs/21本編第１部_8月02日（木）/game_t18147；LE 029:680；LE 094:411；LE 129:171；LE 129:449；LE 280:116。
奥様ドラマシアター,贤妻电视剧场,沿用LE旧译；限本作同一对象；作品、节目或媒体标题的专名；只用于该作品。定位：kiminozs/21本編第１部_7月30日（月）/game_t15639；LE 093:71。
孝之,孝之,本作人物名字及被呼唤时；敬称另按说话人；人物姓名或姓氏专名；只在已确认指向该人物时固定译法。定位：kiminoaz/024大空寺降臨_01大空寺降臨/game_t00126；kiminoaz/10前編：孝之編/game_t00243；kiminoaz/11水月1_風に揺れる水面/game_t00567；kiminoaz/13愛美1_胸の奥の忘れ物/game_t01057；kiminoaz/14まゆ1_まけないもんっ！/game_t01129；kiminoaz/17慎二1_君のためにできること/game_t01533；LE 030:531。
崎山健三,崎山健三,餐厅店长全名；健さん是同一人昵称，不自动把所有崎山扩成全名；人物姓名或姓氏专名；只在已确认指向该人物时固定译法。定位：kiminozs/21本編第１部_8月03日（金）/game_t19828；LE 047:1914；LE 047:2094。
平慎二,平慎二,本作慎二的全名；平君指同一人时按说话人保留敬称；人物姓名或姓氏专名；只在已确认指向该人物时固定译法。定位：kiminozs/10プロローグ_7月06日（月）/game_t01492；LE 039:1313。
愛美,爱美,穂村愛美的单独名字；全名穂村愛美与昵称マナマナ另记；人物姓名或姓氏专名；只在已确认指向该人物时固定译法。定位：kiminozs/13愛美ルート_07月08日（水）/game_t13321；kiminozs/13愛美ルート_07月25日（土）/game_t14512；kiminozs/13愛美ルート_11月11日（水）/game_t14711；kiminozs/13愛美ルート_11月13日（金）/game_t14755；kiminozs/22本編第２部_8月04日（土）/game_t20855；kiminozs/22本編第２部_8月06日（月）/game_t23159；LE 064:958。
慎二,慎二,孝之好友的人名；称谓随人物关系；人物姓名或姓氏专名；只在已确认指向该人物时固定译法。定位：kiminoaz/11水月1_風に揺れる水面/game_t00561；kiminoaz/17慎二1_君のためにできること/game_t01535；kiminoaz/18遙2_桜散る丘で（前編）/game_t01796；kiminoaz/30バカシナリオ/game_t03160；kiminozs/001_1998年5月下旬～/game_t00009；kiminozs/003_1979年6月中旬～/game_t00552；LE 026:35。
星乃文緒,星乃文绪,本篇医院人物全名；姓氏及敬称用法待场景核实；人物姓名或姓氏专名；只在已确认指向该人物时固定译法。定位：kiminozs/21本編第１部_8月01日（水）/game_t17516；kiminozs/21本編第１部_8月02日（木）/game_t18143；LE 029:681；LE 094:355；LE 129:161；LE 129:439。
晶代,晶代,遥后日谈中辻村的名字；原文以省略号隔开姓和名，没有连续全名字串；人物姓名或姓氏专名；只在已确认指向该人物时固定译法。定位：kiminozs/500遙アフター_020OVA２話相当/game_t79713；LE 117:501。
柊学園,柊学园,附属学校的短称；在较长校名内命中时须用完整校名；特定地点、机构或活动的专名；按所列范围固定译法。定位：kiminoaz/12茜1_いつか、きっと……/game_t00749；kiminoaz/13愛美1_胸の奥の忘れ物/game_t00939；kiminozs/001_1998年5月下旬～/game_t00026；kiminozs/002_1979年3月上旬～/game_t00086；kiminozs/003_1979年6月中旬～/game_t00383；kiminozs/10プロローグ_8月27日/game_t08173；LE 175:100。
柊町,柊町,本作地名；与柊学園、柊町駅分别记录；特定地点、机构或活动的专名；按所列范围固定译法。定位：kiminozs/001_1998年5月下旬～/game_t00075；kiminozs/002_1979年3月上旬～/game_t00093；kiminozs/003_1979年6月中旬～/game_t00442；kiminozs/10プロローグ_7月08日（水）/game_t02490；kiminozs/10プロローグ_8月10日（月）/game_t06152；kiminozs/10プロローグ_8月26日/game_t07874；LE 098:694。
柊町駅,柊町站,柊町的车站名称；駅前为站前方位，不将其并入站名；特定地点、机构或活动的专名；按所列范围固定译法。定位：kiminozs/10プロローグ_8月26日/game_t07874；kiminozs/10プロローグ_8月27日/game_t08164；kiminozs/23本編第３部_06_孝之の夢4/game_t37687；kiminozs/26水月Trueルート_09_最終日/game_t45284；kiminozs/30茜ルート_8月13日（月）/game_t46138；kiminozs/30茜ルート_8月28日（火）/game_t50984；LE 271:198。
栗と倉,古利和古拉,沿用LE旧译；限本作同一对象；作品、节目或媒体标题的专名；只用于该作品。定位：kiminozs/10プロローグ_7月09日（木）/game_t02764；kiminozs/10プロローグ_8月09日（日）/game_t05884；kiminozs/11遙ルート_08月27日/game_t08323；LE 145:861；LE 146:537；LE 240:1256；LE 240:1604。
桜町,樱町,本作另一地名；桜町方面等方向说法不自动扩成目的地；特定地点、机构或活动的专名；按所列范围固定译法。定位：kiminozs/10プロローグ_8月10日（月）/game_t06288；kiminozs/21本編第１部_8月02日（木）/game_t18925；kiminozs/22本編第２部_8月09日（木）/game_t28044；kiminozs/23本編第３部_02_孝之の夢2（8月14日）/game_t36181；kiminozs/37まゆ専用ルート_8月26日（日）/game_t67091；kiminozs/510水月アフター_2001年9月16日（日）/game_t82406；LE 247:565。
橘ミルラージュ,橘Mirage,沿用LE旧译；限本作同一对象；特定地点、机构或活动的专名；按所列范围固定译法。定位：kiminozs/41愛美純愛ルート_8月16日（木）/game_t73027；LE 186:97；LE 186:100。
橘町,橘町,本作地名；橘町駅作为车站名称另外核实；特定地点、机构或活动的专名；按所列范围固定译法。定位：kiminoaz/18遙2_桜散る丘で（前編）/game_t01778；kiminozs/002_1979年3月上旬～/game_t00093；kiminozs/10プロローグ_7月03日（金）/game_t00800；kiminozs/10プロローグ_7月08日（水）/game_t02491；kiminozs/10プロローグ_7月10日（金）/game_t03174；kiminozs/10プロローグ_8月06日（木）/game_t05339；LE 048:1437。
橘町駅,橘町站,橘町的车站名称，与橘町地名分开记录；特定地点、机构或活动的专名；按所列范围固定译法。定位：kiminozs/22本編第２部_8月04日（土）/game_t21499；kiminozs/36あゆ専用ルート_8月21日（火）/game_t60716；kiminozs/510水月アフター_2001年9月15日（土）敬老の日/game_t82013；LE 031:988；LE 069:2368；LE 250:317。
欅町,榉町,海滨地名；不与橘町混同；特定地点、机构或活动的专名；按所列范围固定译法。定位：kiminoaz/18遙2_桜散る丘で（前編）/game_t01778；kiminozs/10プロローグ_7月06日（月）/game_t01447；kiminozs/10プロローグ_7月10日（金）/game_t03174；kiminozs/10プロローグ_8月06日（木）/game_t05342；kiminozs/10プロローグ_8月27日/game_t07919；kiminozs/11遙ルート_08月27日/game_t08287；LE 149:1489。
欅町駅,榉町车站,沿用LE旧译；限本作同一对象；特定地点、机构或活动的专名；按所列范围固定译法。定位：kiminozs/36あゆ専用ルート_8月25日（土）/game_t62977；LE 066:93。
欅総合病院,榉综合医院,本篇医院名称；不以欅町的译法直接推断具体位置；特定地点、机构或活动的专名；按所列范围固定译法。定位：kiminozs/13愛美ルート_07月20日（月）/game_t14234；kiminozs/23本編第３部_07_8月17日（土）/game_t37762；kiminozs/35あゆまゆルート_8月14日（火）/game_t56771；kiminozs/35あゆまゆルート_8月17日（金）/game_t59300；kiminozs/510水月アフター_2001年9月22日（土）/game_t83306；LE 142:704；LE 245:73。
水月,水月,速瀬水月的单独名字；全篇子串命中也包括全名与敬称，不自动视为直呼；人物姓名或姓氏专名；只在已确认指向该人物时固定译法。定位：kiminoaz/10前編：孝之編/game_t00451；kiminoaz/12茜1_いつか、きっと……/game_t00740；kiminoaz/18遙2_桜散る丘で（前編）/game_t01835；kiminoaz/19水月2_桜散る丘で（後編）/game_t01972；kiminoaz/30バカシナリオ/game_t02677；kiminozs/10プロローグ_7月03日（金）/game_t00674；LE 030:485。
海浜公園,海滨公园,沿用LE旧译；限本作同一对象；特定地点、机构或活动的专名；按所列范围固定译法。定位：kiminozs/10プロローグ_8月06日（木）/game_t05339；LE 230:210。
涼宮茜,凉宫茜,适用于本作茜的全名，不扩用于单字茜或昵称；人物姓名或姓氏专名；只在已确认指向该人物时固定译法。定位：kiminozs/10プロローグ_8月03日（月）/game_t04868；kiminozs/12水月_茜ルート_08月15日祭りの日/game_t10835；kiminozs/13a茜専用ルート_08月20日/game_t12767；kiminozs/13a茜専用ルート_09月X日/game_t13238；kiminozs/22本編第２部_8月09日（木）/game_t27062；kiminozs/500遙アフター_020OVA２話相当/game_t79839；LE 268:695。
涼宮遙,凉宫遥,适用于本作遥的全名；角色尚未得知姓名时不提前补出；人物姓名或姓氏专名；只在已确认指向该人物时固定译法。定位：kiminoaz/19水月2_桜散る丘で（後編）/game_t01969；kiminozs/10プロローグ_7月04日（土）/game_t01107；kiminozs/10プロローグ_7月06日（月）/game_t01485；kiminozs/21本編第１部_7月31日（火）/game_t16047；kiminozs/23本編第３部_07_8月17日（土）/game_t37771；kiminozs/25遙Trueルート_07_第6日目（8月28日（火））/game_t41943；LE 245:82。
港陽大,港阳大,孝之考虑报考的大学，与白陵大区分；特定地点、机构或活动的专名；按所列范围固定译法。定位：kiminozs/10プロローグ_7月04日（土）/game_t00982；kiminozs/10プロローグ_7月14日（火）/game_t03889；kiminozs/12水月_茜ルート_07月20日終業式/game_t09508；kiminozs/12水月_茜ルート_08月15日祭りの日/game_t11337；kiminozs/13愛美ルート_11月11日（水）/game_t14717；kiminozs/23本編第３部_02_孝之の夢2（8月14日）/game_t36136；LE 154:2062。
玉野まゆ,玉野真由,本作餐厅新同事全名；まゆ单独使用时待关系核实；人物姓名或姓氏专名；只在已确认指向该人物时固定译法。定位：kiminozs/21本編第１部_7月30日（月）/game_t15690；kiminozs/37まゆ専用ルート_8月19日（日）/game_t64347；LE 029:679；LE 093:195；LE 093:292；LE 093:299；LE 233:106。
白塚,白塚,8 月 6 日孝之与遥坐过橘町后的列车终点，后日谈另作出行目的地；当前原句未给完整车站官方名称；特定地点、机构或活动的专名；按所列范围固定译法。定位：kiminozs/10プロローグ_8月06日（木）/game_t05408；kiminozs/500遙アフター_011OVA１話相当02/game_t79386；LE 078:3399；LE 078:3425；LE 078:3431；LE 230:469。
白秋祭,白秋祭,茜后日谈所提活动名称；与执行委员会的组织称呼分开；特定地点、机构或活动的专名；按所列范围固定译法。定位：kiminozs/520茜アフター_2001年10月11日（木）/game_t85461；LE 119:1648；LE 119:1669；LE 119:1702。
白秋祭実行委員会,白秋祭执行委员会,白秋祭的执行委员会组织名；特定地点、机构或活动的专名；按所列范围固定译法。定位：kiminozs/520茜アフター_2001年10月11日（木）/game_t85461；LE 119:1648。
白陵大,白陵大,指大学时沿旧译；作为白陵大付属柊学園前缀的命中另按完整校名判断；特定地点、机构或活动的专名；按所列范围固定译法。定位：kiminoaz/12茜1_いつか、きっと……/game_t00749；kiminozs/002_1979年3月上旬～/game_t00086；kiminozs/003_1979年6月中旬～/game_t00357；kiminozs/10プロローグ_7月04日（土）/game_t01145；kiminozs/10プロローグ_7月09日（木）/game_t02784；kiminozs/10プロローグ_7月14日（火）/game_t03885；LE 070:1007。
白陵大学,白陵大学,指独立大学时；作为附属学校全称前缀的命中不得算作独立大学指称；特定地点、机构或活动的专名；按所列范围固定译法。定位：kiminozs/002_1979年3月上旬～/game_t00086；kiminozs/003_1979年6月中旬～/game_t00357；kiminozs/12水月_茜ルート_08月15日祭りの日/game_t11314；kiminozs/13a茜専用ルート_09月X日/game_t13238；kiminozs/500遙アフター_010OVA１話相当/game_t77506；LE 030:2304；LE 110:990。
白陵柊,白陵柊,学校白陵柊学园的短称；与白陵大学和附属学校的全称区分；特定地点、机构或活动的专名；按所列范围固定译法。定位：kiminoaz/12茜1_いつか、きっと……/game_t00876；kiminoaz/19水月2_桜散る丘で（後編）/game_t01947；kiminozs/10プロローグ_7月04日（土）/game_t01045；kiminozs/10プロローグ_7月06日（月）/game_t01165；kiminozs/10プロローグ_7月10日（金）/game_t02918；kiminozs/10プロローグ_8月11日（火）/game_t06711；LE 225:575。
白陵柊学園,白陵柊学园,遥后日谈中校名的另一缩略写法；与白陵柊和附属学校全称指向同校，但不得自动改写旧译；特定地点、机构或活动的专名；按所列范围固定译法。定位：kiminozs/500遙アフター_020OVA４話相当/game_t81698；LE 154:4074。
神攻電脳バルジャーノン,神攻电脑VALGERN－ON,沿用LE旧译；限本作同一对象；作品、节目或媒体标题的专名；只用于该作品。定位：kiminozs/10プロローグ_7月10日（金）/game_t03020；LE 157:320。
秋田,秋田,7月3日生活指导老师；后续身份待逐场核；人物姓名或姓氏专名；只在已确认指向该人物时固定译法。定位：kiminozs/10プロローグ_7月03日（金）/game_t00780；kiminozs/10プロローグ_7月08日（水）/game_t02233；LE 009:1043；LE 009:1062；LE 121:570；LE 121:605；LE 121:1044。
穂村愛美,穗村爱美,本作角色全名；医院身份准护士与学园场景身份不可混同；人物姓名或姓氏专名；只在已确认指向该人物时固定译法。定位：kiminozs/13愛美ルート_07月08日（水）/game_t13321；kiminozs/22本編第２部_8月04日（土）/game_t20855；LE 069:1004；LE 144:309。
臨海公園,临海公园,沿用LE旧译；限本作同一对象；特定地点、机构或活动的专名；按所列范围固定译法。定位：kiminozs/10プロローグ_7月23日（木）/game_t04554；LE 211:773。
茜,茜,凉宫茜的单独名字；命中数包含茜ちゃん、涼宮茜及普通词茜色，需按最长词和指代区分；人物姓名或姓氏专名；只在已确认指向该人物时固定译法。定位：kiminoaz/10前編：孝之編/game_t00254；kiminoaz/12茜1_いつか、きっと……/game_t00837；kiminoaz/20後編：剛田編/game_t02214；kiminoaz/30バカシナリオ/game_t02739；kiminozs/10プロローグ_7月14日（火）/game_t03833；kiminozs/10プロローグ_7月23日（木）/game_t04567；LE 030:834。
西島,西岛,本作出现的西岛姓氏；确认人物指代后使用；人物姓名或姓氏专名；只在已确认指向该人物时固定译法。定位：kiminozs/510水月アフター_2001年9月16日（日）/game_t82286；LE 079:94；LE 079:1627；LE 079:2384。
辻村,辻村,遥后日谈中水月旧识晶代的姓氏；不与其他同姓人物自动合并；人物姓名或姓氏专名；只在已确认指向该人物时固定译法。定位：kiminozs/500遙アフター_020OVA２話相当/game_t79699；LE 117:418；LE 117:501；LE 117:666；LE 117:713；LE 117:737；LE 117:2760。
速瀬水月,速濑水月,适用于本作水月的全名；姓氏速瀬和名字水月另按句子判断；人物姓名或姓氏专名；只在已确认指向该人物时固定译法。定位：kiminoaz/12茜1_いつか、きっと……/game_t00749；kiminoaz/30バカシナリオ/game_t02677；kiminozs/10プロローグ_7月03日（金）/game_t00674；kiminozs/13a茜専用ルート_09月X日/game_t13239；kiminozs/37まゆ専用ルート_8月21日（火）/game_t65459；kiminozs/510水月アフター_2001年9月22日（土）/game_t83241；LE 249:721。
遙,遥,凉宫遥的单独名字；全篇子串命中含普通词遙か及全名，不能都算独立直呼；人物姓名或姓氏专名；只在已确认指向该人物时固定译法。定位：kiminoaz/10前編：孝之編/game_t00246；kiminoaz/12茜1_いつか、きっと……/game_t00858；kiminoaz/18遙2_桜散る丘で（前編）/game_t01859；kiminoaz/19水月2_桜散る丘で（後編）/game_t01959；kiminoaz/30バカシナリオ/game_t02588；kiminozs/10プロローグ_7月04日（土）/game_t01106；LE 030:260。
重厚飯店,重厚饭店,沿用LE旧译；限本作同一对象；特定地点、机构或活动的专名；按所列范围固定译法。定位：kiminozs/10プロローグ_8月20日（木）/game_t07360；LE 040:372。
銀河微風フウライボー,银河微风风来坊,沿用LE旧译；限本作同一对象；作品、节目或媒体标题的专名；只用于该作品。定位：kiminozs/10プロローグ_7月08日（水）/game_t02384；LE 121:1491。
香月モトコ,香月素子,本篇负责遥治疗的医生全名；不可与 kiminoaz 中被称为香月局长的夕呼混同；人物姓名或姓氏专名；只在已确认指向该人物时固定译法。定位：kiminozs/21本編第１部_7月31日（火）/game_t16056；LE 046:104。
高橋,高桥,本作游泳部相关人物高桥的姓氏；敬称另按说话人处理；人物姓名或姓氏专名；只在已确认指向该人物时固定译法。定位：kiminozs/10プロローグ_7月07日（火）/game_t02028；LE 082:756；LE 082:819；LE 082:1164。
鳴海孝之,鸣海孝之,本作主人公全名；其他人口中的鳴海、孝之和敬称另按关系记录；人物姓名或姓氏专名；只在已确认指向该人物时固定译法。定位：kiminoaz/024大空寺降臨_01大空寺降臨/game_t00126；kiminoaz/10前編：孝之編/game_t00513；kiminoaz/13愛美1_胸の奥の忘れ物/game_t01057；kiminozs/10プロローグ_7月06日（月）/game_t01515；kiminozs/10プロローグ_8月03日（月）/game_t04869；kiminozs/10プロローグ_8月11日（火）/game_t06612；LE 109:1011。
ＦＢＱＳ,FBQS,同一虚构游戏的玩家缩写；不用来指其他作品；作品、节目或媒体标题的专名；只用于该作品。定位：kiminozs/23本編第３部_04_孝之の夢3/game_t36917；LE 216:119。
ＳｍａｌｌＤｉｓｋ,CD,遥房间音响的盘片播放器；原文全写SmallDisk、简称SD在此指同一音响设备。结合五连装、盘片和标签语境，采用CD；不解释为SD存储卡。定位：kiminozs/10プロローグ_8月09日（日）/game_t05870。
香月夕呼,香月夕呼,本作人物全名，与医生香月素子区分；正文常用单名或敬称，当前Steam／LE正文未找到整串同形；不因此扩写现有称呼。定位：kiminozs/500遙アフター_020OVA４話相当/game_t80868。
いも金つばパイ記念日,红薯金锷派纪念日,原文明确命名八月六日的纪念日；与点心本身分别记录；剧情明确命名的纪念日，区别于点心普通名称； 原文明确命名八月六日的纪念日；与点心本身分别记录。定位：kiminoaz/30バカシナリオ/game_t02834；kiminoaz/30バカシナリオ/game_t02835。
サンオー星,桑欧星,只在当前正文出现一次；「サンオー」的读法或隐含梗缺少佐证；虚构星球的专名；读法梗未证实，只限当前同形； 只在当前正文出现一次；「サンオー」的读法或隐含梗缺少佐证。定位：kiminoaz/20後編：剛田編/game_t02473。
ディアブロ,迪亚波罗,反复提及的车型；旧译一致；撞坏后的戏称「ボコディア」另记；作品中命名的特定物件或标题；适用范围内译法固定； 反复提及的车型；旧译一致；撞坏后的戏称「ボコディア」另记。定位：kiminozs/22本編第２部_8月05日（日）/game_t22392；LE 048:1846；LE 109:696；LE 109:699；LE 109:717；LE 109:811。
ムウやん,姆乌,坏结局中的特定昵称，姓名核心采用姆乌；やん的亲昵语气随整句处理。定位：kiminoaz/20後編：剛田編/game_t02528。
レッド・フューラー,红色元首,同一戏仿头衔三次复现；适用范围限触角人支线；支线三次复现的具名戏仿头衔，只限该称号； 同一戏仿头衔三次复现；适用范围限触角人支线。定位：kiminoaz/10前編：孝之編/game_t00307；kiminoaz/10前編：孝之編/game_t00418。
剛田城二,刚田城二,触角警察支线重复出现的人物全名；人物姓名或姓氏专名；只在已确认指向该人物时固定译法； 触角警察支线重复出现的人物全名。定位：kiminoaz/20後編：剛田編/game_t02290；kiminoaz/20後編：剛田編/game_t02312。
君が望む永遠,你所期望的永远,作品自指标题；官方 Steam 页没有简体中文标题可直接沿用；作品、节目或媒体标题的专名；只用于该作品； 作品自指标题；官方 Steam 页没有简体中文标题可直接沿用。定位：kiminoaz/20後編：剛田編/game_t02204。
庵努朗,庵努朗,坏结局一次称呼，原文已经给出完整汉字写法；人物姓名或姓氏专名；只在已确认指向该人物时固定译法； 坏结局一次称呼，原文已经给出完整汉字写法。定位：kiminoaz/20後編：剛田編/game_t02529。
建設振興会,建设振兴会,建校剧情组织全称；同一组织简称振興会为振兴会。定位：kiminozs/002_1979年3月上旬～/game_t00111；kiminozs/003_1979年6月中旬～/game_t00344。
梅田,梅田,触角人支线的具名人物，原文汉字已确定写法；人物姓名或姓氏专名；只在已确认指向该人物时固定译法； 触角人支线的具名人物，原文汉字已确定写法。定位：kiminoaz/10前編：孝之編/game_t00470。
白陵大付属柊学園,白陵大附属柊学园,同一学校的大学缩称写法；保留原文「大」的缩写；特定地点、机构或活动的专名；按所列范围固定译法； 同一学校的大学缩称写法；保留原文「大」的缩写。定位：kiminoaz/12茜1_いつか、きっと……/game_t00749；kiminozs/10プロローグ_8月27日/game_t08173；kiminozs/22本編第２部_8月09日（木）/game_t27062；kiminozs/30茜ルート_8月28日（火）/game_t50986；LE 042:527；LE 095:413；LE 123:718。
白陵大学付属柊学園,白陵大学附属柊学园,同一学校的大学全称写法；不全局改写仍成立的旧译；特定地点、机构或活动的专名；按所列范围固定译法； 同一学校的大学全称写法；不全局改写仍成立的旧译。定位：kiminozs/002_1979年3月上旬～/game_t00086；kiminozs/003_1979年6月中旬～/game_t00508；kiminozs/13a茜専用ルート_09月X日/game_t13238；LE 110:990。
純夏,纯夏,仅指本作直呼纯夏名字的用法；不因姓名相同而加载其他作品的整张术语表。定位：kiminoaz/10前編：孝之編/game_t00418。
触角ビーッム,触角光线,两次喊出的完整戏仿招式，限原文夸张长音字形；两次完整喊出的戏仿招式名；不替换普通触角或光线词； 两次喊出的完整戏仿招式，限原文夸张长音字形。定位：kiminoaz/10前編：孝之編/game_t00414；kiminoaz/10前編：孝之編/game_t00424。
触角警察,触角警察,支线组织名，在搜查官头衔与背叛争议中复现；在所列语境中是可识别的专名，且已有固定译法；不扩展到普通同形词； 支线组织名，在搜查官头衔与背叛争议中复现。定位：kiminoaz/20後編：剛田編/game_t02312；kiminoaz/20後編：剛田編/game_t02398。
タイタン,土星,本作虚构游戏主机名称，采用土星；必要时整句交代世嘉土星。旧版サガタイタン另按语境记录。定位：kiminozs/12水月_茜ルート_07月23日水月がイジメに遭う日/game_t09866；kiminozs/12水月_茜ルート_07月23日水月がイジメに遭う日/game_t09869。
ドリコス,DC,同形 LE 旧译已经用「DC」；本轮沿用该简称，不扩展到旧版完整主机名；虚构游戏主机的作品内简称，按该对象固定； 同形 LE 旧译已经用「DC」；本轮沿用该简称，不扩展到旧版完整主机名。定位：kiminoaz/30バカシナリオ/game_t02589。
鷹倉盛國,鹰仓盛国,第二任理事长在建校篇以这个完整汉字姓名自报身份；人物姓名或姓氏专名；只在已确认指向该人物时固定译法； 第二任理事长在建校篇以这个完整汉字姓名自报身份。定位：kiminozs/003_1979年6月中旬～/game_t00502。
竹尾タケオ,竹尾竹雄,变身前人物全名，姓与名均读Takeo；采用竹尾竹雄。原文名字为片假名，不声称竹雄是官方汉字。定位：kiminoaz/10前編：孝之編/game_t00211。
ジョージ,乔二,仅对应昵称、口令和戏仿称号；本名城二与ジョニー（二弟）不受影响；已采用的人名、昵称、作品或本作特定名称；限表中语境； 维护者提出并确认采用；仅术语采用，不扩大为全部整句批准。定位：kiminoaz/20後編：剛田編/game_t02299。
ジョ～ジィ,乔二,仅对应昵称、口令和戏仿称号；本名城二与ジョニー（二弟）不受影响；已采用的人名、昵称、作品或本作特定名称；限表中语境； 维护者提出并确认采用；仅术语采用，不扩大为全部整句批准。定位：kiminoaz/10前編：孝之編/game_t00467；kiminoaz/20後編：剛田編/game_t02350；kiminoaz/30エンディング/game_t02568。
セルヅオ越後,塞尔吉奥·越后,足球评论员姓名；具体整句解释列04，放弃此前讹变。定位：kiminozs/10プロローグ_7月11日（土）/game_t03499。
テックメンブレード,铁加曼BLADE,本作戏仿称号，采用铁加曼BLADE；本名城二、昵称乔二与二弟另按各自词形处理。定位：kiminoaz/20後編：剛田編/game_t02579。
バトル・テッカ,BattleTech,游戏名称采用BattleTech；原句已说明驾驶舱视角，不额外添加驾驶舱街机。定位：kiminozs/10プロローグ_7月10日（金）/game_t03023；LE 157:326。
佐名田,真田,用典人物；当前句须补身份为宇宙战舰技师长的真田先生，见04；03只记录姓名核心佐名田→真田；敬称和宇宙战舰技师长身份提示的完整句式留04，按老师10月5日确认处理。定位：kiminoaz/30バカシナリオ/game_t02827。
ジョニー,二弟,本作特定昵称，采用二弟；前面的过膝袜信息留在完整称号中，さん／氏按场景处理；不用于其他Johnny人名。定位：kiminozs/10プロローグ_7月03日（金）/game_t00757；kiminozs/10プロローグ_7月04日（土）/game_t00856；kiminozs/10プロローグ_8月15日（土）/game_t07159；kiminozs/10プロローグ_8月26日/game_t07891；kiminozs/11遙ルート_08月27日B/game_t08770；kiminozs/23本編第３部_06_孝之の夢4/game_t37705；kiminozs/26水月Trueルート_01_第1日目/game_t42752。
大岡越前蟹,大冈越前蟹,保留大冈越前与越前蟹共享越前的拼接趣味；属于依文本作出的用典解读，不声称作者确认。定位：kiminoaz/14まゆ1_まけないもんっ！/game_t01110；kiminozs/35あゆまゆルート_8月13日（月）/game_t56492；LE 172:365。
はぐれ同心純情系,离群同心纯情系,本作对はぐれ刑事純情派的改写；保留同心／系的变形；人物想象的惩罚不等于原剧剧情。定位：kiminoaz/14まゆ1_まけないもんっ！/game_t01111。
看護婦の涙汁,护士泪汤,本作夸张菜名，采用护士泪汤；未确认具体戏仿作品，不补写出处。定位：kiminoaz/16蛍1_がんばろう/game_t01343；kiminoaz/16蛍1_がんばろう/game_t01384。
夜空に星が瞬くように,宛如夜空闪烁繁星,遥四句咒语的固定表达例外；保留八字节奏和已经；第三句统一放开，停顿随演出处理。定位：kiminozs/10プロローグ_8月15日（土）/game_t07209；kiminozs/10プロローグ_8月20日（木）/game_t07310；kiminozs/12水月_茜ルート_08月15日祭りの日/game_t11211；kiminozs/21本編第１部_8月03日（金）/game_t19460；kiminozs/25遙Trueルート_06_第5日目（8月27日（月））/game_t41335；kiminozs/31茜妊娠ルート_8月24日（金）/game_t54678；kiminozs/500遙アフター_020OVA４話相当/game_t81411。
とけた心は離れない,交融的心不会分离,遥四句咒语的固定表达例外；保留八字节奏和已经；第三句统一放开，停顿随演出处理。定位：kiminozs/10プロローグ_8月15日（土）/game_t07209；kiminozs/10プロローグ_8月20日（木）/game_t07312；kiminozs/12水月_茜ルート_08月15日祭りの日/game_t11211；kiminozs/21本編第１部_8月03日（金）/game_t19468；kiminozs/22本編第２部_8月07日（火）/game_t24588；kiminozs/25遙Trueルート_06_第5日目（8月27日（月））/game_t41344；kiminozs/500遙アフター_020OVA４話相当/game_t81411。
たとえこの手が離れても,即使双手已经放开,遥四句咒语的固定表达例外；保留八字节奏和已经；第三句统一放开，停顿随演出处理。定位：kiminozs/10プロローグ_8月15日（土）/game_t07209；kiminozs/10プロローグ_8月20日（木）/game_t07314；kiminozs/12水月_茜ルート_08月15日祭りの日/game_t11211；kiminozs/21本編第１部_8月03日（金）/game_t19471；kiminozs/22本編第２部_8月07日（火）/game_t24590；kiminozs/25遙Trueルート_06_第5日目（8月27日（月））/game_t41346；kiminozs/500遙アフター_020OVA４話相当/game_t81412。
ふたりがそれを忘れぬ限り,只要彼此依然铭记,遥四句咒语的固定表达例外；保留八字节奏和已经；第三句统一放开，停顿随演出处理。定位：kiminozs/10プロローグ_8月15日（土）/game_t07209；kiminozs/10プロローグ_8月20日（木）/game_t07316；kiminozs/12水月_茜ルート_08月15日祭りの日/game_t11211；kiminozs/21本編第１部_8月03日（金）/game_t19497；kiminozs/25遙Trueルート_06_第5日目（8月27日（月））/game_t41348；kiminozs/31茜妊娠ルート_8月24日（金）/game_t54678；kiminozs/500遙アフター_020OVA４話相当/game_t81412。
榊千鶴,榊千鹤,已确认人物全名。定位：kiminozs/520茜アフター_2001年10月13日（土）/game_t86993；LE 166:2247。
城二,城二,刚田城二的名字；不得覆盖戏仿昵称ジョージ／ジョ～ジィ。定位：kiminoaz/20後編：剛田編/game_t02290；kiminoaz/20後編：剛田編/game_t02411。
竹尾,竹尾,竹尾タケオ的姓氏；与姓名栏タケス区别。定位：kiminoaz/10前編：孝之編/game_t00211；kiminoaz/20後編：剛田編/game_t02562。
振興会,振兴会,仅指本作建设振兴会时；不机械替换其他组织。定位：kiminozs/002_1979年3月上旬～/game_t00111；kiminozs/003_1979年6月中旬～/game_t00344；kiminozs/003_1979年6月中旬～/game_t00491。
テックメン・ブレード,铁加曼BLADE,与テックメンブレード是同一称号的带中点姓名栏写法；采用铁加曼BLADE；术语采用记录不等于安装包已同步。定位：kiminoaz/20後編：剛田編.xml:脚本行33220；kiminoaz/20後編：剛田編.xml:脚本行34050。
すかいてんぷる,SKY TEMPLE,店名采用SKY TEMPLE，与UI一致；保留原有英文，不按日语发音音译。定位：kiminoaz/024大空寺降臨_01大空寺降臨/game_t00036；kiminoaz/10前編：孝之編/game_t00500；kiminozs/21本編第１部_7月31日（火）/game_t16573；kiminozs/21本編第１部_8月02日（木）/game_t18905；kiminozs/22本編第２部_8月04日（土）/game_t20895；kiminozs/22本編第２部_8月05日（日）/game_t22370；LE 078:617。
ゲトラグ,格特拉克,汽车节目品牌Getrag；字幕听译名称。定位：汽车节目03／合并原声0–7.8秒。
ビルシュタイン,倍适登,汽车节目品牌BILSTEIN；字幕听译名称。定位：汽车节目03／合并原声0–7.8秒。
大空寺,大空寺,仅指本作对应人物时；敬称、亲昵语气和包含该字形的普通词另按语境；沿用既有全名与旧译参考中的姓名写法；依用户既定专名标准整理，未另造译名。定位：kiminoaz/024大空寺降臨_01大空寺降臨/game_t00028；kiminoaz/10前編：孝之編/game_t00379；kiminoaz/20後編：剛田編/game_t02212；kiminozs/21本編第１部_7月29日（日）/game_t15262；kiminozs/21本編第１部_7月30日（月）/game_t15677；kiminozs/21本編第１部_7月31日（火）/game_t16575；LE 046:2418。
天川,天川,仅指本作对应人物时；敬称、亲昵语气和包含该字形的普通词另按语境；沿用既有全名与旧译参考中的姓名写法；依用户既定专名标准整理，未另造译名。定位：kiminoaz/16蛍1_がんばろう/game_t01355；kiminozs/21本編第１部_8月01日（水）/game_t17509；kiminozs/21本編第１部_8月02日（木）/game_t18138；kiminozs/21本編第１部_8月03日（金）/game_t19730；kiminozs/22本編第２部_8月04日（土）/game_t20419；kiminozs/22本編第２部_8月05日（日）/game_t22147；LE 048:1797。
崎山,崎山,仅指本作对应人物时；敬称、亲昵语气和包含该字形的普通词另按语境；沿用既有全名与旧译参考中的姓名写法；依用户既定专名标准整理，未另造译名。定位：kiminozs/21本編第１部_8月03日（金）/game_t19828；kiminozs/31茜妊娠ルート_8月14日（火）/game_t52694；kiminozs/40愛美ルート_8月17日（金）/game_t68985；kiminozs/40愛美ルート_8月19日（日）/game_t69890；kiminozs/500遙アフター_011OVA１話相当02/game_t78637；LE 047:1914；LE 274:42。
星乃,星乃,仅指本作对应人物时；敬称、亲昵语气和包含该字形的普通词另按语境；沿用既有全名与旧译参考中的姓名写法；依用户既定专名标准整理，未另造译名。定位：kiminoaz/16蛍1_がんばろう/game_t01384；kiminozs/21本編第１部_8月01日（水）/game_t17516；kiminozs/21本編第１部_8月02日（木）/game_t18143；kiminozs/21本編第１部_8月03日（金）/game_t19738；kiminozs/22本編第２部_8月04日（土）/game_t20918；kiminozs/22本編第２部_8月05日（日）/game_t22122；LE 048:1794。
榊,榊,仅指本作对应人物时；敬称、亲昵语气和包含该字形的普通词另按语境；沿用既有全名与旧译参考中的姓名写法；依用户既定专名标准整理，未另造译名。定位：kiminozs/520茜アフター_2001年10月11日（木）002/game_t86005；kiminozs/520茜アフター_2001年10月12日（金）/game_t86289；kiminozs/520茜アフター_2001年10月13日（土）/game_t86862；LE 143:1412；LE 155:401；LE 155:669；LE 166:1278。
涼宮,凉宫,仅指本作对应人物时；敬称、亲昵语气和包含该字形的普通词另按语境；沿用既有全名与旧译参考中的姓名写法；依用户既定专名标准整理，未另造译名。定位：kiminoaz/17慎二1_君のためにできること/game_t01556；kiminoaz/19水月2_桜散る丘で（後編）/game_t01969；kiminoaz/30バカシナリオ/game_t03073；kiminozs/10プロローグ_7月04日（土）/game_t01096；kiminozs/10プロローグ_7月06日（月）/game_t01485；kiminozs/10プロローグ_7月07日（火）/game_t02012；LE 032:965。
玉野,玉野,仅指本作对应人物时；敬称、亲昵语气和包含该字形的普通词另按语境；沿用既有全名与旧译参考中的姓名写法；依用户既定专名标准整理，未另造译名。定位：kiminoaz/14まゆ1_まけないもんっ！/game_t01115；kiminozs/21本編第１部_7月30日（月）/game_t15690；kiminozs/21本編第１部_8月01日（水）/game_t17896；kiminozs/21本編第１部_8月02日（木）/game_t18589；kiminozs/21本編第１部_8月03日（金）/game_t19809；kiminozs/22本編第２部_8月04日（土）/game_t20949；LE 047:2188。
穂村,穗村,仅指本作对应人物时；敬称、亲昵语气和包含该字形的普通词另按语境；沿用既有全名与旧译参考中的姓名写法；依用户既定专名标准整理，未另造译名。定位：kiminozs/13愛美ルート_07月08日（水）/game_t13321；kiminozs/13愛美ルート_07月09日（木）/game_t13385；kiminozs/13愛美ルート_07月10日（金）/game_t13580；kiminozs/13愛美ルート_07月12日（日）/game_t13707；kiminozs/13愛美ルート_07月13日（月）/game_t13875；kiminozs/13愛美ルート_07月20日（月）/game_t14083；LE 048:930。
速瀬,速濑,仅指本作对应人物时；敬称、亲昵语气和包含该字形的普通词另按语境；沿用既有全名与旧译参考中的姓名写法；依用户既定专名标准整理，未另造译名。定位：kiminoaz/10前編：孝之編/game_t00254；kiminoaz/11水月1_風に揺れる水面/game_t00560；kiminoaz/12茜1_いつか、きっと……/game_t00749；kiminoaz/17慎二1_君のためにできること/game_t01532；kiminoaz/19水月2_桜散る丘で（後編）/game_t01951；kiminoaz/30バカシナリオ/game_t02677；LE 009:1292。
香月,香月,仅指本作对应人物时；敬称、亲昵语气和包含该字形的普通词另按语境；沿用既有全名与旧译参考中的姓名写法；依用户既定专名标准整理，未另造译名。定位：kiminoaz/20後編：剛田編/game_t02211；kiminoaz/30バカシナリオ/game_t03183；kiminozs/21本編第１部_7月31日（火）/game_t16053；kiminozs/21本編第１部_8月01日（水）/game_t17464；kiminozs/21本編第１部_8月02日（木）/game_t18124；kiminozs/21本編第１部_8月03日（金）/game_t19142；LE 046:433。
鳴海,鸣海,仅指本作对应人物时；敬称、亲昵语气和包含该字形的普通词另按语境；沿用既有全名与旧译参考中的姓名写法；依用户既定专名标准整理，未另造译名。定位：kiminoaz/024大空寺降臨_01大空寺降臨/game_t00095；kiminoaz/10前編：孝之編/game_t00513；kiminoaz/13愛美1_胸の奥の忘れ物/game_t00976；kiminoaz/18遙2_桜散る丘で（前編）/game_t01663；kiminoaz/19水月2_桜散る丘で（後編）/game_t02088；kiminoaz/20後編：剛田編/game_t02203；LE 030:1563。
文緒,文绪,仅指本作对应人物时；敬称、亲昵语气和包含该字形的普通词另按语境；沿用既有全名与旧译参考中的姓名写法；依用户既定专名标准整理，未另造译名。定位：kiminozs/21本編第１部_8月01日（水）/game_t17504；kiminozs/21本編第１部_8月02日（木）/game_t18127；kiminozs/21本編第１部_8月03日（金）/game_t19765；kiminozs/22本編第２部_8月04日（土）/game_t21467；kiminozs/22本編第２部_8月05日（日）/game_t22149；LE 010:206；LE 069:2301。
蛍,萤,仅指本作对应人物时；敬称、亲昵语气和包含该字形的普通词另按语境；沿用既有全名与旧译参考中的姓名写法；依用户既定专名标准整理，未另造译名。定位：kiminozs/21本編第１部_8月01日（水）/game_t17532；kiminozs/21本編第１部_8月02日（木）/game_t18147；LE 010:203；LE 029:680；LE 030:2706；LE 068:1594；LE 089:752。
モトコ,素子,仅指本作对应人物时；敬称、亲昵语气和包含该字形的普通词另按语境；沿用既有全名与旧译参考中的姓名写法；依用户既定专名标准整理，未另造译名。定位：kiminozs/21本編第１部_7月31日（火）/game_t16056；LE 046:104；LE 154:3090；LE 231:91。
あゆ,亚由,仅指本作对应人物时；敬称、亲昵语气和包含该字形的普通词另按语境；沿用既有全名与旧译参考中的姓名写法；依用户既定专名标准整理，未另造译名。定位：kiminoaz/024大空寺降臨_01大空寺降臨/game_t00001；kiminoaz/10前編：孝之編/game_t00433；kiminoaz/20後編：剛田編/game_t02305；kiminozs/21本編第１部_7月29日（日）/game_t15399；kiminozs/22本編第２部_8月05日（日）/game_t22653；kiminozs/22本編第２部_8月09日（木）/game_t27523；LE 066:906。
まゆ,真由,仅指本作对应人物时；敬称、亲昵语气和包含该字形的普通词另按语境；沿用既有全名与旧译参考中的姓名写法；依用户既定专名标准整理，未另造译名。定位：kiminozs/21本編第１部_7月30日（月）/game_t15690；kiminozs/21本編第１部_8月02日（木）/game_t18770；kiminozs/22本編第２部_8月04日（土）/game_t21154；kiminozs/22本編第２部_8月05日（日）/game_t22654；kiminozs/22本編第２部_8月07日（火）/game_t23898；kiminozs/22本編第２部_8月08日（水）/game_t25891；LE 048:879。
あかね,茜,仅指本作对应人物时；敬称、亲昵语气和包含该字形的普通词另按语境；沿用既有全名与旧译参考中的姓名写法；依用户既定专名标准整理，未另造译名。定位：kiminoaz/12茜1_いつか、きっと……/game_t00825；kiminozs/10プロローグ_8月03日（月）/game_t04858；kiminozs/10プロローグ_8月09日（日）/game_t05849；kiminozs/31茜妊娠ルート_8月25日（土）/game_t54993。
はるか,遥,仅指本作对应人物时；敬称、亲昵语气和包含该字形的普通词另按语境；沿用既有全名与旧译参考中的姓名写法；依用户既定专名标准整理，未另造译名。定位：kiminoaz/18遙2_桜散る丘で（前編）/game_t01834；kiminoaz/19水月2_桜散る丘で（後編）/game_t02138；kiminozs/10プロローグ_7月10日（金）/game_t02914；kiminozs/10プロローグ_8月11日（火）/game_t06482；kiminozs/21本編第１部_7月30日（月）/game_t16003；kiminozs/21本編第１部_7月31日（火）/game_t16269；kiminozs/26水月Trueルート_09_最終日/game_t45324。
世界ビックリドッキリ大賞,世界惊奇大赏,仅本作此处节目名或地名；不替换成推测的真实出处；已按后续采用记录整理。定位：kiminoaz/16蛍1_がんばろう/game_t01396。
西ノ宮,西之宫,仅本作此处节目名或地名；不替换成推测的真实出处；已按后续采用记录整理。定位：kiminoaz/30バカシナリオ/game_t02682。
なるみ,鸣海,仅用于所列来源中指向同一对象的用法；正文明确指向特定人物、地方、作品、品牌或其固定名称；仅该对象沿用现有译名。定位：kiminoaz/13愛美1_胸の奥の忘れ物/game_t01058。
まゆまゆ,真由真由,沿用LE旧译；具体使用须结合人物及场景；真由的固定昵称；不能因是昵称而一概留在04。定位：kiminozs/21本編第１部_7月30日（月）/game_t15834；kiminozs/21本編第１部_8月02日（木）/game_t18770；kiminozs/22本編第２部_8月04日（土）/game_t21154；kiminozs/22本編第２部_8月05日（日）/game_t22654；kiminozs/22本編第２部_8月07日（火）/game_t23898；kiminozs/22本編第２部_8月08日（水）/game_t25891；LE 049:484。
むらかみ　はるか,村上　遥,沿用LE旧译；具体使用须结合人物及场景；书上署名，指作者村上遥，不是对人的临时描述。定位：kiminozs/26水月Trueルート_09_最終日/game_t45323；LE 098:769。
もしもし子供電話相談室,儿童电话咨询室,沿用LE旧译；具体使用须结合人物及场景；正文明确指向特定人物、地方、作品、品牌或其固定名称；仅该对象沿用现有译名。定位：kiminozs/22本編第２部_8月08日（水）/game_t26853；LE 049:3385。
ガイア,盖亚,所列来源中的特定名称；沿用现有译名，限同一对象，不推广到其他同形词。定位：kiminoaz/20後編：剛田編/game_t02313；kiminoaz/20後編：剛田編/game_t02394。
キングオブへたれ,废柴之王,孝之的戏仿头衔；不约束普通句中的「へたれ」；先说明孝之是キングオブへたれ，后又以キングオブヘタレの孝之直接指称同一人；这是固定称号，评价色彩不妨碍按专名收录。定位：kiminoaz/10前編：孝之編/game_t00342。
キングオブヘタレ,废柴之王,同一头衔的片假名写法；同一固定称号的片假名异写；与キングオブへたれ统一。定位：kiminoaz/10前編：孝之編/game_t00422。
クエストスター,Quest　Star,沿用LE旧译；具体使用须结合人物及场景；正文明确指向特定人物、地方、作品、品牌或其固定名称；仅该对象沿用现有译名。定位：kiminozs/23本編第３部_04_孝之の夢3/game_t36913；LE 216:109；LE 216:119。
ダーウィン,达尔文,仅用于所列来源中指向同一对象的用法；正文明确指向特定人物、地方、作品、品牌或其固定名称；仅该对象沿用现有译名。定位：kiminoaz/10前編：孝之編/game_t00237。
チチクリン星,偷欢星球,沿用LE旧译；具体使用须结合人物及场景；戏仿中的虚构星球名称，与普通星球类别有别。定位：kiminozs/520茜アフター_2001年10月11日（木）002/game_t85645；LE 143:11；LE 143:54。
ナイスガイジジイ,帅老头,建校剧情对特定人物使用的固定外号；限此称呼，不作为普通评价词替换规则。定位：kiminozs/003_1979年6月中旬～/game_t00504。
ファイナルバイオ,Final　Bio,沿用LE旧译；具体使用须结合人物及场景；正文明确指向特定人物、地方、作品、品牌或其固定名称；仅该对象沿用现有译名。定位：kiminozs/12水月_茜ルート_07月23日水月がイジメに遭う日/game_t09868；kiminozs/13愛美ルート_07月09日（木）/game_t13433；kiminozs/23本編第３部_04_孝之の夢3/game_t36913；LE 156:214；LE 200:19；LE 216:109；LE 216:119。
ファイナルバイオクエストスター,Final　BioQuest　Star,沿用LE旧译；具体使用须结合人物及场景；正文明确指向特定人物、地方、作品、品牌或其固定名称；仅该对象沿用现有译名。定位：kiminozs/23本編第３部_04_孝之の夢3/game_t36913；LE 216:109。
フェラーリ・イーター,法拉利杀手,没有对应 LE 术语条目，结合 Steam 语境判断；正文明确指向特定人物、地方、作品、品牌或其固定名称；仅该对象沿用现有译名。定位：kiminozs/10プロローグ_8月10日（月）/game_t06431。
フェンス・オフ,Face／Off,仅用于所列来源中指向同一对象的用法；正文明确指向特定人物、地方、作品、品牌或其固定名称；仅该对象沿用现有译名。定位：kiminozs/10プロローグ_7月11日（土）/game_t03639；LE 169:844。
プレイスタリオン,PlayStation,仅用于所列来源中指向同一对象的用法；正文明确指向特定人物、地方、作品、品牌或其固定名称；仅该对象沿用现有译名。定位：LE 096:514；LE 157:366。
ペニリンガ,家畜人,沿用LE旧译；具体使用须结合人物及场景；正文明确指向特定人物、地方、作品、品牌或其固定名称；仅该对象沿用现有译名。定位：kiminozs/41愛美純愛ルート_8月16日（木）/game_t73027；LE 186:97；LE 186:100。
ボスバーガー,MOS　BURGER,仅用于所列来源中指向同一对象的用法；正文明确指向特定人物、地方、作品、品牌或其固定名称；仅该对象沿用现有译名。定位：kiminozs/13a茜専用ルート_09月14日（月）/game_t12871；LE 072:145；LE 072:607。
ポッキリー,Pocky,仅用于所列来源中指向同一对象的用法；正文明确指向特定人物、地方、作品、品牌或其固定名称；仅该对象沿用现有译名。定位：kiminozs/12水月_茜ルート_07月20日終業式/game_t09592；LE 190:466；LE 190:787。
マナマナ,爱爱,沿用LE旧译；具体使用须结合人物及场景；正文明确指向特定人物、地方、作品、品牌或其固定名称；仅该对象沿用现有译名。定位：kiminozs/40愛美ルート_8月14日（火）/game_t68543；kiminozs/40愛美ルート_8月18日（土）/game_t69381；kiminozs/40愛美ルート_E_10月11日（木）/game_t72107；kiminozs/40愛美ルート_E_11月2日（金）/game_t72255；kiminozs/40愛美ルート_E_11月3日（土）/game_t72422；LE 061:309；LE 137:89。
九州,九州,仅用于所列来源中指向同一对象的用法；正文明确指向特定人物、地方、作品、品牌或其固定名称；仅该对象沿用现有译名。定位：kiminozs/11遙ルート_08月27日B/game_t08983。
伊賀,伊贺,仅用于所列来源中指向同一对象的用法；正文明确指向特定人物、地方、作品、品牌或其固定名称；仅该对象沿用现有译名。定位：kiminozs/21本編第１部_8月02日（木）/game_t18636。
北海道,北海道,仅用于所列来源中指向同一对象的用法；正文明确指向特定人物、地方、作品、品牌或其固定名称；仅该对象沿用现有译名。定位：kiminozs/002_1979年3月上旬～/game_t00088；kiminozs/13愛美ルート_11月13日（金）/game_t14862；kiminozs/13愛美ルート_11月13日（金）/game_t14920。
孔子,孔子,仅用于所列来源中指向同一对象的用法；正文明确指向特定人物、地方、作品、品牌或其固定名称；仅该对象沿用现有译名。定位：kiminozs/10プロローグ_7月11日（土）/game_t03367；kiminozs/10プロローグ_7月11日（土）/game_t03369。
宮前,宫前,仅用于所列来源中指向同一对象的用法；正文明确指向特定人物、地方、作品、品牌或其固定名称；仅该对象沿用现有译名。定位：LE 130:4183；LE 130:4188；LE 130:4196。
新宿,新宿,仅用于所列来源中指向同一对象的用法；正文明确指向特定人物、地方、作品、品牌或其固定名称；仅该对象沿用现有译名。定位：kiminozs/520茜アフター_9000それから/game_t87165；kiminozs/520茜アフター_9000それから/game_t87176。
東京,东京,仅用于所列来源中指向同一对象的用法；正文明确指向特定人物、地方、作品、品牌或其固定名称；仅该对象沿用现有译名。定位：kiminozs/002_1979年3月上旬～/game_t00150；kiminozs/003_1979年6月中旬～/game_t00576；kiminozs/36あゆ専用ルート_8月24日（金）/game_t62525；kiminozs/500遙アフター_020OVA２話相当/game_t79707；kiminozs/500遙アフター_020OVA２話相当/game_t79728。
獣化のあゆ,兽化的亚由,对亚由使用的固定称号；限此完整称呼，不替换普通的兽化描述。定位：kiminoaz/10前編：孝之編/game_t00433。
甲子園,甲子园,仅用于所列来源中指向同一对象的用法；正文明确指向特定人物、地方、作品、品牌或其固定名称；仅该对象沿用现有译名。定位：kiminozs/22本編第２部_8月05日（日）/game_t22163；kiminozs/22本編第２部_8月10日（金）/game_t30274；kiminozs/22本編第２部_8月10日（金）/game_t30560。
白陵,白陵,沿用LE旧译；具体使用须结合人物及场景；正文明确指向特定人物、地方、作品、品牌或其固定名称；仅该对象沿用现有译名。定位：kiminoaz/12茜1_いつか、きっと……/game_t00749；kiminoaz/19水月2_桜散る丘で（後編）/game_t01947；kiminoaz/30バカシナリオ/game_t02712；kiminozs/001_1998年5月下旬～/game_t00017；kiminozs/002_1979年3月上旬～/game_t00086；kiminozs/003_1979年6月中旬～/game_t00357；LE 039:244。
神宮司,神宫司,仅用于所列来源中指向同一对象的用法；正文明确指向特定人物、地方、作品、品牌或其固定名称；仅该对象沿用现有译名。定位：kiminozs/500遙アフター_020OVA４話相当/game_t80879；kiminozs/520茜アフター_2001年10月11日（木）/game_t85468；LE 119:1694；LE 119:1702；LE 154:423。
調理の哲人,烹饪哲人,沿用LE旧译；具体使用须结合人物及场景；正文明确指向特定人物、地方、作品、品牌或其固定名称；仅该对象沿用现有译名。定位：kiminozs/11遙ルート_08月27日B/game_t08422；LE 070:151。
高木,高木,仅用于所列来源中指向同一对象的用法；正文明确指向特定人物、地方、作品、品牌或其固定名称；仅该对象沿用现有译名。定位：LE 282:81。
ＡＫＡＮＥ　ＳＵＺＵＭＩＹＡ,AKANE SUZUMIYA,沿用LE旧译；具体使用须结合人物及场景；人物英文姓名字样；保留原字母形式，不覆盖日文姓名的一般写法。定位：kiminoaz/12茜1_いつか、きっと……/game_t00824；kiminozs/22本編第２部_8月09日（木）/game_t27090；LE 095:458；LE 095:574；LE 095:941；LE 095:1012。
ＭＩＴＳＵＫＩ　ＨＡＹＡＳＥ,MITSUKI HAYASE,沿用的候选记录，未找到同字形 LE 正文依据；人物英文姓名字样；保留原字母形式，不覆盖日文姓名的一般写法。定位：kiminoaz/12茜1_いつか、きっと……/game_t00803。
タケス,竹卡斯,竹尾变身后的支援机器人名，采用竹卡斯；与变身前竹尾／竹尾竹雄区分。定位：kiminoaz/20後編：剛田編.xml:脚本行31550。
