jp,cn,status,chapter,source,source_row,source_status,occurrences,basis
遙の伝説,遥之传说,contextual,本篇／10プロローグ_8月20日（木）；LE旧译参考,kiminozo-context-20261009,2,context-reference,,遥之传说是该段对遥表现的概括，不把叙述性说法定成正式作品或事件名；与遙伝説并列看。定位：kiminozs/10プロローグ_8月20日（木）/game_t07283；LE 040:209。
ＡＰＳ,APS,contextual,番外／30バカシナリオ；本篇／10プロローグ_8月15日（土）；本篇／11遙ルート_08月27日B；本篇／12水月_茜ルート_08月15日祭りの日；LE旧译参考,kiminozo-context-20261009,3,context-reference,,APS为摄影制式缩写，不是作品中特定人物、机构或物件的专名，归技术表达。定位：kiminoaz/30バカシナリオ/game_t03171；kiminozs/10プロローグ_8月15日（土）/game_t07141；kiminozs/11遙ルート_08月27日B/game_t08781；kiminozs/12水月_茜ルート_08月15日祭りの日/game_t11232；LE 070:809；LE 071:1320；LE 261:1227。
あゆさん,亚由,contextual,本篇／21本編第１部_7月29日（日）,kiminozo-context-20261009,4,context-reference,,姓名核心与敬称分开；称呼受说话双方关系及语气影响，保留所列整句用法，不把后缀固定成一个汉语称谓。定位：kiminozs/21本編第１部_7月29日（日）/game_t15399。
あゆちゃん,亚由（本句省略ちゃん，亲热意味由后续反感反应体现）,contextual,番外／024大空寺降臨_01大空寺降臨,kiminozo-context-20261009,5,context-reference,,姓名核心与敬称分开；称呼受说话双方关系及语气影响，保留所列整句用法，不把后缀固定成一个汉语称谓。定位：kiminoaz/024大空寺降臨_01大空寺降臨/game_t00062；kiminoaz/024大空寺降臨_01大空寺降臨/game_t00102。
あゆ様,亚由大人,contextual,番外／024大空寺降臨_01大空寺降臨；番外／10前編：孝之編；本篇／22本編第２部_8月09日（木）；LE旧译参考,kiminozo-context-20261009,6,context-reference,,姓名核心与敬称分开；称呼受说话双方关系及语气影响，保留所列整句用法，不把后缀固定成一个汉语称谓。定位：kiminoaz/024大空寺降臨_01大空寺降臨/game_t00199；kiminoaz/10前編：孝之編/game_t00434；kiminozs/22本編第２部_8月09日（木）/game_t27523；LE 095:1322。
いも金つばパイ,红薯金锷派,contextual,番外／30バカシナリオ,kiminozo-context-20261009,7,context-reference,,语境用法参考，按所列篇章及指代使用；同形词在其他语境可另译。定位：kiminoaz/30バカシナリオ/game_t02830；kiminoaz/30バカシナリオ/game_t02913。
おかあさん,妈妈,contextual,番外／20後編：剛田編,kiminozo-context-20261009,8,context-reference,,姓名核心与敬称分开；称呼受说话双方关系及语气影响，保留所列整句用法，不把后缀固定成一个汉语称谓。定位：kiminoaz/20後編：剛田編/game_t02231；kiminoaz/20後編：剛田編/game_t02559。
おっとさん,老豆,contextual,本篇／10プロローグ_7月11日（土）,kiminozo-context-20261009,9,context-reference,,姓名核心与敬称分开；称呼受说话双方关系及语气影响，保留所列整句用法，不把后缀固定成一个汉语称谓。定位：kiminozs/10プロローグ_7月11日（土）/game_t03619；kiminozs/10プロローグ_7月11日（土）/game_t03620。
おねえちゃん,姐姐,contextual,本篇／31茜妊娠ルート_8月27日（日）,kiminozo-context-20261009,10,context-reference,,姓名核心与敬称分开；称呼受说话双方关系及语气影响，保留所列整句用法，不把后缀固定成一个汉语称谓。定位：kiminozs/31茜妊娠ルート_8月27日（日）/game_t55558；kiminozs/31茜妊娠ルート_8月27日（日）/game_t55596。
おやっさん,老爹,contextual,番外／20後編：剛田編,kiminozo-context-20261009,11,context-reference,,姓名核心与敬称分开；称呼受说话双方关系及语气影响，保留所列整句用法，不把后缀固定成一个汉语称谓。定位：kiminoaz/20後編：剛田編/game_t02354；kiminoaz/20後編：剛田編/game_t02555。
おやッさん,老爹,contextual,番外／10前編：孝之編；番外／20後編：剛田編,kiminozo-context-20261009,12,context-reference,,姓名核心与敬称分开；称呼受说话双方关系及语气影响，保留所列整句用法，不把后缀固定成一个汉语称谓。定位：kiminoaz/10前編：孝之編/game_t00466；kiminoaz/20後編：剛田編/game_t02378。
お兄ちゃん,哥哥,contextual,番外／10前編：孝之編；本篇／10プロローグ_8月09日（日）；本篇／10プロローグ_8月11日（火）；本篇／10プロローグ_8月20日（木）；本篇／10プロローグ_8月26日；本篇／13a茜専用ルート_08月20日；LE旧译参考,kiminozo-context-20261009,13,context-reference,,姓名核心与敬称分开；称呼受说话双方关系及语气影响，保留所列整句用法，不把后缀固定成一个汉语称谓。定位：kiminoaz/10前編：孝之編/game_t00292；kiminozs/10プロローグ_8月09日（日）/game_t05761；kiminozs/10プロローグ_8月11日（火）/game_t06464；kiminozs/10プロローグ_8月20日（木）/game_t07655；kiminozs/10プロローグ_8月26日/game_t07761；kiminozs/13a茜専用ルート_08月20日/game_t12534；LE 047:1118。
お姉ちゃん,姐姐,contextual,番外／10前編：孝之編；番外／12茜1_いつか、きっと……；本篇／10プロローグ_8月03日（月）；本篇／10プロローグ_8月09日（日）；本篇／10プロローグ_8月11日（火）；本篇／10プロローグ_8月20日（木）；LE旧译参考,kiminozo-context-20261009,14,context-reference,,姓名核心与敬称分开；称呼受说话双方关系及语气影响，保留所列整句用法，不把后缀固定成一个汉语称谓。定位：kiminoaz/10前編：孝之編/game_t00427；kiminoaz/12茜1_いつか、きっと……/game_t00847；kiminozs/10プロローグ_8月03日（月）/game_t04866；kiminozs/10プロローグ_8月09日（日）/game_t05579；kiminozs/10プロローグ_8月11日（火）/game_t06466；kiminozs/10プロローグ_8月20日（木）/game_t07703；LE 030:1393。
お母さん,妈妈,contextual,番外／30バカシナリオ；本篇／10プロローグ_8月11日（火）；本篇／10プロローグ_8月20日（木）；本篇／11遙ルート_08月27日；本篇／11遙ルート_08月27日B；本篇／12水月_茜ルート_08月15日祭りの日；LE旧译参考,kiminozo-context-20261009,15,context-reference,,姓名核心与敬称分开；称呼受说话双方关系及语气影响，保留所列整句用法，不把后缀固定成一个汉语称谓。定位：kiminoaz/30バカシナリオ/game_t02832；kiminozs/10プロローグ_8月11日（火）/game_t06513；kiminozs/10プロローグ_8月20日（木）/game_t07365；kiminozs/11遙ルート_08月27日/game_t08290；kiminozs/11遙ルート_08月27日B/game_t08415；kiminozs/12水月_茜ルート_08月15日祭りの日/game_t10857；LE 030:868。
お父さん,爸爸／伯父（依所指及称呼关系）,contextual,本篇／10プロローグ_7月11日（土）；本篇／10プロローグ_7月14日（火）；本篇／10プロローグ_8月03日（月）；本篇／10プロローグ_8月09日（日）；本篇／10プロローグ_8月11日（火）；本篇／10プロローグ_8月20日（木）；LE旧译参考,kiminozo-context-20261009,16,context-reference,,姓名核心与敬称分开；称呼受说话双方关系及语气影响，保留所列整句用法，不把后缀固定成一个汉语称谓。定位：kiminozs/10プロローグ_7月11日（土）/game_t03611；kiminozs/10プロローグ_7月14日（火）/game_t03826；kiminozs/10プロローグ_8月03日（月）/game_t04877；kiminozs/10プロローグ_8月09日（日）/game_t05862；kiminozs/10プロローグ_8月11日（火）/game_t06513；kiminozs/10プロローグ_8月20日（木）/game_t07365；LE 030:935。
お祖母さん,祖母,contextual,本篇／13愛美ルート_07月13日（月）；本篇／13愛美ルート_07月20日（月）；本篇／13愛美ルート_07月25日（土）；本篇／13愛美ルート_11月13日（金）；LE旧译参考,kiminozo-context-20261009,17,context-reference,,姓名核心与敬称分开；称呼受说话双方关系及语气影响，保留所列整句用法，不把后缀固定成一个汉语称谓。定位：kiminozs/13愛美ルート_07月13日（月）/game_t13939；kiminozs/13愛美ルート_07月20日（月）/game_t14146；kiminozs/13愛美ルート_07月25日（土）/game_t14426；kiminozs/13愛美ルート_11月13日（金）/game_t14765；LE 073:250；LE 073:269；LE 199:303。
さくら吹雪,樱吹雪,contextual,番外／19水月2_桜散る丘で（後編）,kiminozo-context-20261009,18,context-reference,,语境用法参考，按所列篇章及指代使用；同形词在其他语境可另译。定位：kiminoaz/19水月2_桜散る丘で（後編）/game_t01942。
たかゆきさん,孝之（本句省略さん）,contextual,番外／13愛美1_胸の奥の忘れ物,kiminozo-context-20261009,19,context-reference,,姓名核心与敬称分开；称呼受说话双方关系及语气影响，保留所列整句用法，不把后缀固定成一个汉语称谓。定位：kiminoaz/13愛美1_胸の奥の忘れ物/game_t01058。
だめだめ街道,直奔没用员工的大道,contextual,番外／14まゆ1_まけないもんっ！,kiminozo-context-20261009,20,context-reference,,语境用法参考，按所列篇章及指代使用；同形词在其他语境可另译。定位：kiminoaz/14まゆ1_まけないもんっ！/game_t01174。
はるかセンセ,「遥老师～」,contextual,番外／19水月2_桜散る丘で（後編）,kiminozo-context-20261009,21,context-reference,,语境用法参考，按所列篇章及指代使用；同形词在其他语境可另译。定位：kiminoaz/19水月2_桜散る丘で（後編）/game_t02138。
まゆさん,真由小姐（连姓为玉野真由小姐）,contextual,本篇／21本編第１部_7月30日（月）；LE旧译参考,kiminozo-context-20261009,22,context-reference,,姓名核心与敬称分开；称呼受说话双方关系及语气影响，保留所列整句用法，不把后缀固定成一个汉语称谓。定位：kiminozs/21本編第１部_7月30日（月）/game_t15690；LE 093:195；LE 093:292。
アホ毛,呆毛,contextual,番外／10前編：孝之編；番外／20後編：剛田編,kiminozo-context-20261009,23,context-reference,,语境用法参考，按所列篇章及指代使用；同形词在其他语境可另译。定位：kiminoaz/10前編：孝之編/game_t00327；kiminoaz/20後編：剛田編/game_t02373；kiminoaz/20後編：剛田編/game_t02432。
アルファ０１,阿尔法01,candidate,番外／10前編：孝之編,kiminozo-context-20261009,24,pending-translation,,A／C／B队的呼号，已定位说话人字段和配音，不是无正文就不存在；中文仍为候选，未当作已批准专名。定位：kiminoaz/10前編：孝之編.xml:脚本行640；kiminoaz/10前編：孝之編.xml:脚本行860；kiminoaz/10前編：孝之編.xml:脚本行930；kiminoaz/10前編：孝之編.xml:脚本行1660；kiminoaz/10前編：孝之編.xml:脚本行2170；kiminoaz/10前編：孝之編.xml:脚本行2330。
アレきんつば,那个金锷饼,contextual,番外／30バカシナリオ,kiminozo-context-20261009,25,context-reference,,语境用法参考，按所列篇章及指代使用；同形词在其他语境可另译。定位：kiminoaz/30バカシナリオ/game_t02832。
アレ金つば,那个金锷饼,contextual,番外／30バカシナリオ,kiminozo-context-20261009,26,context-reference,,语境用法参考，按所列篇章及指代使用；同形词在其他语境可另译。定位：kiminoaz/30バカシナリオ/game_t02913。
ウスノロビーム,慢吞吞的光线,contextual,番外／10前編：孝之編,kiminozo-context-20261009,27,context-reference,,语境用法参考，按所列篇章及指代使用；同形词在其他语境可另译。定位：kiminoaz/10前編：孝之編/game_t00415。
エビクリームピラフ,鲜虾奶油炒饭,contextual,本篇／22本編第２部_8月07日（火）；LE旧译参考,kiminozo-context-20261009,28,context-reference,,语境用法参考，按所列篇章及指代使用；同形词在其他语境可另译。定位：kiminozs/22本編第２部_8月07日（火）/game_t23824；LE 048:324；LE 048:330；LE 048:333；LE 048:415；LE 048:588；LE 048:786。
エビピラフ,鲜虾炒饭,contextual,本篇／22本編第２部_8月07日（火）；LE旧译参考,kiminozo-context-20261009,29,context-reference,,语境用法参考，按所列篇章及指代使用；同形词在其他语境可另译。定位：kiminozs/22本編第２部_8月07日（火）/game_t23822；LE 048:322；LE 048:330；LE 048:614；LE 048:622；LE 048:780；LE 048:786。
オリンピック,奥运会；奥林匹克,contextual,番外／17慎二1_君のためにできること；本篇／10プロローグ_7月04日（土）；本篇／11遙ルート_08月27日B；本篇／12水月_茜ルート_07月20日終業式；本篇／12水月_茜ルート_08月09日水泳大会；本篇／12水月_茜ルート_08月15日祭りの日；LE旧译参考,kiminozo-context-20261009,30,context-reference,,语境用法参考，按所列篇章及指代使用；同形词在其他语境可另译。定位：kiminoaz/17慎二1_君のためにできること/game_t01581；kiminozs/10プロローグ_7月04日（土）/game_t00976；kiminozs/11遙ルート_08月27日B/game_t09044；kiminozs/12水月_茜ルート_07月20日終業式/game_t09693；kiminozs/12水月_茜ルート_08月09日水泳大会/game_t10256；kiminozs/12水月_茜ルート_08月15日祭りの日/game_t11328；LE 142:3224。
ケンさん,健先生,contextual,番外／14まゆ1_まけないもんっ！,kiminozo-context-20261009,31,context-reference,,姓名核心与敬称分开；称呼受说话双方关系及语气影响，保留所列整句用法，不把后缀固定成一个汉语称谓。定位：kiminoaz/14まゆ1_まけないもんっ！/game_t01279；kiminoaz/14まゆ1_まけないもんっ！/game_t01301。
サガタイタン,世嘉的土星,contextual,LE旧译参考,kiminozo-context-20261009,32,context-reference,,语境用法参考，按所列篇章及指代使用；同形词在其他语境可另译。定位：LE 096:514；LE 157:366；LE 200:17。
サービスセンター,电话留言中心；电话留言服务中心,contextual,本篇／21本編第１部_7月29日（日）；本篇／22本編第２部_8月07日（火）；本篇／25遙Trueルート_01_それから数日（夜）；本篇／30茜ルート_8月26日（日）；本篇／36あゆ専用ルート_8月24日（金）；本篇／40愛美ルート_8月16日（木）；LE旧译参考,kiminozo-context-20261009,33,context-reference,,语境用法参考，按所列篇章及指代使用；同形词在其他语境可另译。定位：kiminozs/21本編第１部_7月29日（日）/game_t15600；kiminozs/22本編第２部_8月07日（火）/game_t25007；kiminozs/25遙Trueルート_01_それから数日（夜）/game_t38906；kiminozs/30茜ルート_8月26日（日）/game_t49595；kiminozs/36あゆ専用ルート_8月24日（金）/game_t62502；kiminozs/40愛美ルート_8月16日（木）/game_t68834；LE 265:650。
シャベル君,铁锹君,contextual,本篇／500遙アフター_011OVA１話相当02；LE旧译参考,kiminozo-context-20261009,34,context-reference,,儿童对所见机械的亲昵称呼；仅此语境，不能因有引号便认定为正式专名。定位：kiminozs/500遙アフター_011OVA１話相当02/game_t78181；LE 078:219。
ジオ・フロント,地底都市,contextual,番外／10前編：孝之編,kiminozo-context-20261009,35,context-reference,,该段地下设施称呼，采用地底都市；不另加GeoFront，现有脚本及演出证据不足以确认特指EVA。定位：kiminoaz/10前編：孝之編/game_t00283。
ジョニーさん,二弟先生,contextual,本篇／10プロローグ_7月03日（金）,kiminozo-context-20261009,36,context-reference,,姓名核心与敬称分开；称呼受说话双方关系及语气影响，保留所列整句用法，不把后缀固定成一个汉语称谓。定位：kiminozs/10プロローグ_7月03日（金）/game_t00757。
ジョニー氏,二弟老哥,contextual,本篇／10プロローグ_7月04日（土）,kiminozo-context-20261009,37,context-reference,,姓名核心与敬称分开；称呼受说话双方关系及语气影响，保留所列整句用法，不把后缀固定成一个汉语称谓。定位：kiminozs/10プロローグ_7月04日（土）/game_t00906。
セルヅオ越後,……这话怎么说得有种足球评论员塞尔吉奥·越后的生硬味儿？,contextual,本篇／10プロローグ_7月11日（土）,kiminozo-context-20261009,38,context-reference,,前一句故意生硬的日语和人物反应是判断依据；姓名核心已在术语表，基线表只核对整句提示是否贴切。定位：kiminozs/10プロローグ_7月11日（土）/game_t03499。
ゼロレンジスナーイプッ,「零距离狙击！」,contextual,番外／30バカシナリオ,kiminozo-context-20261009,39,context-reference,,语境用法参考，按所列篇章及指代使用；同形词在其他语境可另译。定位：kiminoaz/30バカシナリオ/game_t02806。
ソフトボール,垒球,contextual,本篇／10プロローグ_7月03日（金）；本篇／10プロローグ_7月04日（土）；本篇／10プロローグ_7月10日（金）；本篇／11遙ルート_08月27日B；LE旧译参考,kiminozo-context-20261009,40,context-reference,,语境用法参考，按所列篇章及指代使用；同形词在其他语境可另译。定位：kiminozs/10プロローグ_7月03日（金）/game_t00669；kiminozs/10プロローグ_7月04日（土）/game_t00918；kiminozs/10プロローグ_7月10日（金）/game_t02906；kiminozs/11遙ルート_08月27日B/game_t09185；LE 009:432；LE 026:404；LE 157:22。
チチクサスキー大王様,偷欢斯基大王,contextual,本篇／520茜アフター_2001年10月11日（木）002；LE旧译参考,kiminozo-context-20261009,41,context-reference,,姓名核心与敬称分开；称呼受说话双方关系及语气影响，保留所列整句用法，不把后缀固定成一个汉语称谓。定位：kiminozs/520茜アフター_2001年10月11日（木）002/game_t85648；LE 143:19。
チャーリー０１,查理01,candidate,番外／10前編：孝之編,kiminozo-context-20261009,42,pending-translation,,A／C／B队的呼号，已定位说话人字段和配音，不是无正文就不存在；中文仍为候选，未当作已批准专名。定位：kiminoaz/10前編：孝之編.xml:脚本行780；kiminoaz/10前編：孝之編.xml:脚本行2020。
ツツケレ,掏憨,contextual,本篇／21本編第１部_7月30日（月）；本篇／22本編第２部_8月05日（日）；本篇／22本編第２部_8月07日（火）；本篇／500遙アフター_020OVA３話相当；LE旧译参考,kiminozo-context-20261009,43,context-reference,,语境用法参考，按所列篇章及指代使用；同形词在其他语境可另译。定位：kiminozs/21本編第１部_7月30日（月）/game_t15921；kiminozs/22本編第２部_8月05日（日）/game_t22702；kiminozs/22本編第２部_8月07日（火）/game_t24040；kiminozs/500遙アフター_020OVA３話相当/game_t80683；LE 048:818；LE 093:937；LE 141:3191。
テックセッタップ,Tech Set Up！！,contextual,番外／20後編：剛田編；番外／30エンディング,kiminozo-context-20261009,44,context-reference,,变身口令采用Tech Set Up；不额外改造成Suit Up，保留原梗辨识度。镜像场景按同一口令处理。定位：kiminoaz/20後編：剛田編/game_t02569；kiminoaz/30エンディング/game_t02568。
テレパスィ,心灵感应,contextual,本篇／10プロローグ_8月03日（月）；本篇／23本編第３部_01_孝之の夢1；本篇／25遙Trueルート_08_第7日目（9月10日（月））；本篇／26水月Trueルート_06_孝之の夢6；LE旧译参考,kiminozo-context-20261009,45,context-reference,,语境用法参考，按所列篇章及指代使用；同形词在其他语境可另译。定位：kiminozs/10プロローグ_8月03日（月）/game_t04795；kiminozs/23本編第３部_01_孝之の夢1/game_t35769；kiminozs/25遙Trueルート_08_第7日目（9月10日（月））/game_t42273；kiminozs/26水月Trueルート_06_孝之の夢6/game_t43916；LE 088:231；LE 088:269；LE 220:48。
デブジュ,肥猪控,contextual,LE旧译参考,kiminozo-context-20261009,46,context-reference,,LE人物戏谑称呼存在肥猪控／肥猪流兽奸狂等措辞，不能据单例强制全篇同译。定位：LE 009:908；LE 026:87；LE 026:324；LE 026:456；LE 026:895；LE 070:777；LE 266:169。
デブジュー,肥猪控先生；肥猪流兽奸狂,contextual,LE旧译参考,kiminozo-context-20261009,47,context-reference,,LE同一戏谑称呼的长音写法；旧译随句子变化，暂保留基线表。定位：LE 009:908；LE 070:777；LE 086:527。
ドネルケバブ,土耳其烤肉,contextual,本篇／10プロローグ_7月06日（月）；本篇／10プロローグ_8月03日（月）；本篇／12水月_茜ルート_08月15日祭りの日；本篇／13a茜専用ルート_08月15日；LE旧译参考,kiminozo-context-20261009,48,context-reference,,语境用法参考，按所列篇章及指代使用；同形词在其他语境可另译。定位：kiminozs/10プロローグ_7月06日（月）/game_t01739；kiminozs/10プロローグ_8月03日（月）/game_t05213；kiminozs/12水月_茜ルート_08月15日祭りの日/game_t10798；kiminozs/13a茜専用ルート_08月15日/game_t12327；LE 039:2182；LE 039:2477；LE 253:400。
ドリームコスト,ＤＣ；ＤｒｅａｍＣａｓｔ,contextual,LE旧译参考,kiminozo-context-20261009,49,context-reference,,LE主机名用DC／DreamCast两种形式；保留实际全称和缩称，不把缩写当成另一个对象。定位：LE 096:514；LE 200:23。
ナルミ君,鸣海君,contextual,本篇／500遙アフター_020OVA２話相当；LE旧译参考,kiminozo-context-20261009,50,context-reference,,姓名核心与敬称分开；称呼受说话双方关系及语气影响，保留所列整句用法，不把后缀固定成一个汉语称谓。定位：kiminozs/500遙アフター_020OVA２話相当/game_t79721；LE 117:569；LE 117:649。
ナースステーション,护士站,contextual,本篇／21本編第１部_7月31日（火）；本篇／21本編第１部_8月01日（水）；本篇／22本編第２部_8月04日（土）；本篇／22本編第２部_8月07日（火）；本篇／23本編第３部_03_8月15日（水）；本篇／41愛美純愛ルート_8月18日（土）；LE旧译参考,kiminozo-context-20261009,51,context-reference,,语境用法参考，按所列篇章及指代使用；同形词在其他语境可另译。定位：kiminozs/21本編第１部_7月31日（火）/game_t16128；kiminozs/21本編第１部_8月01日（水）/game_t17465；kiminozs/22本編第２部_8月04日（土）/game_t21762；kiminozs/22本編第２部_8月07日（火）/game_t24393；kiminozs/23本編第３部_03_8月15日（水）/game_t36688；kiminozs/41愛美純愛ルート_8月18日（土）/game_t73789；LE 206:405。
ナースセンター,护士站,contextual,本篇／21本編第１部_8月02日（木）；LE旧译参考,kiminozo-context-20261009,52,context-reference,,语境用法参考，按所列篇章及指代使用；同形词在其他语境可另译。定位：kiminozs/21本編第１部_8月02日（木）/game_t18116；LE 129:73；LE 129:81；LE 129:209。
ナース人形,护士娃娃,contextual,番外／16蛍1_がんばろう,kiminozo-context-20261009,53,context-reference,,语境用法参考，按所列篇章及指代使用；同形词在其他语境可另译。定位：kiminoaz/16蛍1_がんばろう/game_t01347。
ハルカ君,遥君,contextual,番外／30バカシナリオ,kiminozo-context-20261009,54,context-reference,,姓名核心与敬称分开；称呼受说话双方关系及语气影响，保留所列整句用法，不把后缀固定成一个汉语称谓。定位：kiminoaz/30バカシナリオ/game_t02654；kiminoaz/30バカシナリオ/game_t02658。
バッドエンド,坏结局,contextual,番外／20後編：剛田編；番外／30バカシナリオ；LE旧译参考,kiminozo-context-20261009,55,context-reference,,语境用法参考，按所列篇章及指代使用；同形词在其他语境可另译。定位：kiminoaz/20後編：剛田編/game_t02417；kiminoaz/30バカシナリオ/game_t02909；LE 010:164；LE 010:179；LE 010:182；LE 010:194；LE 010:206。
ピピピ電波,哔哔哔电波,contextual,番外／10前編：孝之編,kiminozo-context-20261009,56,context-reference,,语境用法参考，按所列篇章及指代使用；同形词在其他语境可另译。定位：kiminoaz/10前編：孝之編/game_t00348；kiminoaz/10前編：孝之編/game_t00417。
ブラヴォー０１,布拉沃01,candidate,番外／10前編：孝之編,kiminozo-context-20261009,57,pending-translation,,A／C／B队的呼号，已定位说话人字段和配音，不是无正文就不存在；中文仍为候选，未当作已批准专名。定位：kiminoaz/10前編：孝之編.xml:脚本行700；kiminoaz/10前編：孝之編.xml:脚本行1090；kiminoaz/10前編：孝之編.xml:脚本行1870；kiminoaz/10前編：孝之編.xml:脚本行2240。
ボコディア,迪亚波罗；破烂迪亚,contextual,本篇／22本編第２部_8月05日（日）；本篇／500遙アフター_020OVA４話相当；LE旧译参考,kiminozo-context-20261009,58,context-reference,,语境用法参考，按所列篇章及指代使用；同形词在其他语境可另译。定位：kiminozs/22本編第２部_8月05日（日）/game_t22472；kiminozs/500遙アフター_020OVA４話相当/game_t80911；LE 109:835；LE 154:607。
マイルドクルー横幅,宽度ＭＩＬＤＣＲＥＷ,question,本篇／10プロローグ_8月03日（月）；LE旧译参考,kiminozo-context-20261009,59,pending-interpretation,,正文明确是室内度假设施的名字；看宣传描述与夏天气味的对比，候选名称仍待核，不把它说成普通词。定位：kiminozs/10プロローグ_8月03日（月）/game_t04993；LE 220:944。
マングース級,猫鼬级,contextual,本篇／35あゆまゆルート_8月15日（水）；LE旧译参考,kiminozo-context-20261009,60,context-reference,,语境用法参考，按所列篇章及指代使用；同形词在其他语境可另译。定位：kiminozs/35あゆまゆルート_8月15日（水）/game_t57527；LE 194:412；LE 194:445。
ミッシングリンク,缺失环节,contextual,番外／10前編：孝之編,kiminozo-context-20261009,61,context-reference,,语境用法参考，按所列篇章及指代使用；同形词在其他语境可另译。定位：kiminoaz/10前編：孝之編/game_t00234。
ミートパイ,肉饼；肉馅饼,contextual,本篇／10プロローグ_8月06日（木）；本篇／10プロローグ_8月09日（日）；本篇／500遙アフター_011OVA１話相当02；本篇／500遙アフター_020OVA４話相当；LE旧译参考,kiminozo-context-20261009,62,context-reference,,语境用法参考，按所列篇章及指代使用；同形词在其他语境可另译。定位：kiminozs/10プロローグ_8月06日（木）/game_t05457；kiminozs/10プロローグ_8月09日（日）/game_t05543；kiminozs/500遙アフター_011OVA１話相当02/game_t79490；kiminozs/500遙アフター_020OVA４話相当/game_t81032；LE 078:3825；LE 078:3884；LE 240:43。
ミートパイ記念日,肉馅饼纪念日,contextual,本篇／10プロローグ_8月06日（木）；本篇／10プロローグ_8月09日（日）；LE旧译参考,kiminozo-context-20261009,63,context-reference,,纪念日命名语境；实际有肉饼／肉馅饼两种写法，暂不冒充已统一。定位：kiminozs/10プロローグ_8月06日（木）/game_t05515；kiminozs/10プロローグ_8月09日（日）/game_t05543；LE 230:695；LE 240:43。
モノノフ,习武之身；武士,contextual,本篇／22本編第２部_8月04日（土）；本篇／22本編第２部_8月09日（木）；LE旧译参考,kiminozo-context-20261009,64,context-reference,,语境用法参考，按所列篇章及指代使用；同形词在其他语境可另译。定位：kiminozs/22本編第２部_8月04日（土）/game_t21048；kiminozs/22本編第２部_8月09日（木）/game_t27624；LE 069:1453；LE 069:1458；LE 095:1517。
ラブ・テレパスィ,爱的心灵感应,contextual,本篇／26水月Trueルート_06_孝之の夢6；LE旧译参考,kiminozo-context-20261009,65,context-reference,,语境用法参考，按所列篇章及指代使用；同形词在其他语境可另译。定位：kiminozs/26水月Trueルート_06_孝之の夢6/game_t43918；LE 132:50。
ラヴ・テレパスィー,爱之心灵感应,contextual,本篇／10プロローグ_8月03日（月）；本篇／23本編第３部_01_孝之の夢1；LE旧译参考,kiminozo-context-20261009,66,context-reference,,语境用法参考，按所列篇章及指代使用；同形词在其他语境可另译。定位：kiminozs/10プロローグ_8月03日（月）/game_t04795；kiminozs/23本編第３部_01_孝之の夢1/game_t35769；LE 185:60；LE 220:35；LE 220:48。
ラーサー,拉～萨～,contextual,番外／20後編：剛田編；番外／30エンディング,kiminozo-context-20261009,67,context-reference,,机器人响应变身命令时的回答，采用拉～萨～，用拖音符表现原文长音；不声称这是已核实的官方中文配音定译。定位：kiminoaz/20後編：剛田編/game_t02566；kiminoaz/30エンディング/game_t02566；kiminoaz/30エンディング/game_t02569。
リハビリ,复健,contextual,本篇／13愛美ルート_07月25日（土）；本篇／23本編第３部_09_それから数日；本篇／25遙Trueルート_03_第2日目；本篇／25遙Trueルート_05_第4日目（8月25日（土））；本篇／25遙Trueルート_06_第5日目（8月27日（月））；本篇／25遙Trueルート_07_第6日目（8月28日（火））；LE旧译参考,kiminozo-context-20261009,68,context-reference,,语境用法参考，按所列篇章及指代使用；同形词在其他语境可另译。定位：kiminozs/13愛美ルート_07月25日（土）/game_t14369；kiminozs/23本編第３部_09_それから数日/game_t38248；kiminozs/25遙Trueルート_03_第2日目/game_t39435；kiminozs/25遙Trueルート_05_第4日目（8月25日（土））/game_t40986；kiminozs/25遙Trueルート_06_第5日目（8月27日（月））/game_t41242；kiminozs/25遙Trueルート_07_第6日目（8月28日（火））/game_t41730；LE 066:171。
上沼先輩,上沼前辈,contextual,番外／16蛍1_がんばろう,kiminozo-context-20261009,69,context-reference,,姓名核心与敬称分开；称呼受说话双方关系及语气影响，保留所列整句用法，不把后缀固定成一个汉语称谓。定位：kiminoaz/16蛍1_がんばろう/game_t01433；kiminoaz/16蛍1_がんばろう/game_t01478。
主も悪よのぉ,你可真坏,contextual,本篇／22本編第２部_8月11日（土）；LE旧译参考,kiminozo-context-20261009,70,context-reference,,语境用法参考，按所列篇章及指代使用；同形词在其他语境可另译。定位：kiminozs/22本編第２部_8月11日（土）/game_t32553；LE 149:1597。
人生は冒険,人生就是冒险,contextual,本篇／10プロローグ_7月03日（金）；本篇／10プロローグ_7月04日（土）；本篇／10プロローグ_7月10日（金）；本篇／10プロローグ_8月27日；本篇／510水月アフター_2001年9月22日（土）；LE旧译参考,kiminozo-context-20261009,71,context-reference,,语境用法参考，按所列篇章及指代使用；同形词在其他语境可另译。定位：kiminozs/10プロローグ_7月03日（金）/game_t00825；kiminozs/10プロローグ_7月04日（土）/game_t00829；kiminozs/10プロローグ_7月10日（金）/game_t03120；kiminozs/10プロローグ_8月27日/game_t07973；kiminozs/510水月アフター_2001年9月22日（土）/game_t83887；LE 009:1298；LE 123:219。
人生は冒険だ、そして困難を自分で作る,人生就是冒险，困难要自己制造,contextual,本篇／10プロローグ_8月27日；本篇／510水月アフター_2001年9月22日（土）；LE旧译参考,kiminozo-context-20261009,72,context-reference,,语境用法参考，按所列篇章及指代使用；同形词在其他语境可另译。定位：kiminozs/10プロローグ_8月27日/game_t07973；kiminozs/510水月アフター_2001年9月22日（土）/game_t83887；LE 123:219；LE 142:2648。
仲間記念日,伙伴纪念日,contextual,本篇／10プロローグ_8月15日（土）；LE旧译参考,kiminozo-context-20261009,73,context-reference,,语境用法参考，按所列篇章及指代使用；同形词在其他语境可另译。定位：kiminozs/10プロローグ_8月15日（土）/game_t07173；LE 261:1394；LE 261:1402。
佐名田さん,宇宙战舰技师长的真田先生,contextual,番外／30バカシナリオ,kiminozo-context-20261009,74,context-reference,,姓名核心与敬称分开；称呼受说话双方关系及语气影响，保留所列整句用法，不把后缀固定成一个汉语称谓。定位：kiminoaz/30バカシナリオ/game_t02827。
保健委員,保健委员,contextual,番外／13愛美1_胸の奥の忘れ物；本篇／10プロローグ_7月06日（月）；本篇／10プロローグ_7月08日（水）；本篇／10プロローグ_7月10日（金）；本篇／13愛美ルート_07月08日（水）；本篇／13愛美ルート_07月09日（木）；LE旧译参考,kiminozo-context-20261009,75,context-reference,,学校职务采用保健委员；属于一般职务称谓，留在语境基线，不作为人物专名。定位：kiminoaz/13愛美1_胸の奥の忘れ物/game_t01006；kiminozs/10プロローグ_7月06日（月）/game_t01327；kiminozs/10プロローグ_7月08日（水）/game_t02266；kiminozs/10プロローグ_7月10日（金）/game_t02968；kiminozs/13愛美ルート_07月08日（水）/game_t13269；kiminozs/13愛美ルート_07月09日（木）/game_t13509；LE 039:664。
保存緑地,保留绿地,contextual,本篇／002_1979年3月上旬～；本篇／003_1979年6月中旬～,kiminozo-context-20261009,76,context-reference,,语境用法参考，按所列篇章及指代使用；同形词在其他语境可另译。定位：kiminozs/002_1979年3月上旬～/game_t00134；kiminozs/003_1979年6月中旬～/game_t00414；kiminozs/003_1979年6月中旬～/game_t00510。
健さん,健,contextual,本篇／21本編第１部_8月03日（金）；本篇／22本編第２部_8月04日（土）；本篇／22本編第２部_8月05日（日）；本篇／22本編第２部_8月07日（火）；本篇／22本編第２部_8月09日（木）；本篇／22本編第２部_8月10日（金）；LE旧译参考,kiminozo-context-20261009,77,context-reference,,姓名核心与敬称分开；称呼受说话双方关系及语气影响，保留所列整句用法，不把后缀固定成一个汉语称谓。定位：kiminozs/21本編第１部_8月03日（金）/game_t19823；kiminozs/22本編第２部_8月04日（土）/game_t21342；kiminozs/22本編第２部_8月05日（日）/game_t22855；kiminozs/22本編第２部_8月07日（火）/game_t24034；kiminozs/22本編第２部_8月09日（木）/game_t26909；kiminozs/22本編第２部_8月10日（金）/game_t30144；LE 047:2233。
剛田君,刚田君,contextual,番外／10前編：孝之編；番外／20後編：剛田編,kiminozo-context-20261009,78,context-reference,,姓名核心与敬称分开；称呼受说话双方关系及语气影响，保留所列整句用法，不把后缀固定成一个汉语称谓。定位：kiminoaz/10前編：孝之編/game_t00378；kiminoaz/20後編：剛田編/game_t02359；kiminoaz/20後編：剛田編/game_t02537。
友情の証,友情的见证,contextual,本篇／001_1998年5月下旬～；本篇／002_1979年3月上旬～；本篇／003_1979年6月中旬～,kiminozo-context-20261009,79,context-reference,,语境用法参考，按所列篇章及指代使用；同形词在其他语境可另译。定位：kiminozs/001_1998年5月下旬～/game_t00040；kiminozs/002_1979年3月上旬～/game_t00182；kiminozs/003_1979年6月中旬～/game_t00527。
友野先輩,友野前辈,contextual,番外／16蛍1_がんばろう,kiminozo-context-20261009,80,context-reference,,姓名核心与敬称分开；称呼受说话双方关系及语气影响，保留所列整句用法，不把后缀固定成一个汉语称谓。定位：kiminoaz/16蛍1_がんばろう/game_t01465。
吉岡先輩,吉冈前辈,contextual,番外／16蛍1_がんばろう,kiminozo-context-20261009,81,context-reference,,姓名核心与敬称分开；称呼受说话双方关系及语气影响，保留所列整句用法，不把后缀固定成一个汉语称谓。定位：kiminoaz/16蛍1_がんばろう/game_t01462；kiminoaz/16蛍1_がんばろう/game_t01463。
吉田さん,吉田,contextual,LE旧译参考,kiminozo-context-20261009,82,context-reference,,姓名核心与敬称分开；称呼受说话双方关系及语气影响，保留所列整句用法，不把后缀固定成一个汉语称谓。定位：LE 048:2875；LE 048:2883；LE 048:2891。
名古屋打ち,小蜜蜂,question,本篇／10プロローグ_7月11日（土）；LE旧译参考,kiminozo-context-20261009,83,pending-interpretation,,当前沿用小蜜蜂；名古屋打法仅是待请教的候选。维护者决定先保留旧译的本土化处理，另请旧译者说明取舍，尚未决定改用候选。定位：kiminozs/10プロローグ_7月11日（土）/game_t03590；LE 169:688；LE 169:690；LE 169:738。
商店会,商店会,contextual,本篇／002_1979年3月上旬～,kiminozo-context-20261009,84,context-reference,,语境用法参考，按所列篇章及指代使用；同形词在其他语境可另译。定位：kiminozs/002_1979年3月上旬～/game_t00111。
夕呼先生,夕呼老师,contextual,本篇／500遙アフター_020OVA４話相当；LE旧译参考,kiminozo-context-20261009,85,context-reference,,姓名核心与敬称分开；称呼受说话双方关系及语气影响，保留所列整句用法，不把后缀固定成一个汉语称谓。定位：kiminozs/500遙アフター_020OVA４話相当/game_t80868；LE 154:370；LE 154:559。
夢の島,梦幻岛,question,本篇／35あゆまゆルート_8月15日（水）；LE旧译参考,kiminozo-context-20261009,86,pending-interpretation,,恐吓玩笑的前因、梦幻岛这一说法及对方反应；地名指涉仍需老师判断，不标成普通名词已定论。定位：kiminozs/35あゆまゆルート_8月15日（水）/game_t57390；LE 194:118。
大空寺あゆ様,大空寺亚由大人,contextual,番外／024大空寺降臨_01大空寺降臨；本篇／22本編第２部_8月09日（木）；LE旧译参考,kiminozo-context-20261009,87,context-reference,,姓名核心与敬称分开；称呼受说话双方关系及语气影响，保留所列整句用法，不把后缀固定成一个汉语称谓。定位：kiminoaz/024大空寺降臨_01大空寺降臨/game_t00199；kiminozs/22本編第２部_8月09日（木）/game_t27523；LE 095:1322。
大空寺さん,大空寺；大空寺小姐,contextual,本篇／21本編第１部_7月29日（日）；本篇／21本編第１部_7月30日（月）；本篇／21本編第１部_7月31日（火）；本篇／21本編第１部_8月03日（金）；本篇／22本編第２部_8月04日（土）；本篇／22本編第２部_8月05日（日）；LE旧译参考,kiminozo-context-20261009,88,context-reference,,姓名核心与敬称分开；称呼受说话双方关系及语气影响，保留所列整句用法，不把后缀固定成一个汉语称谓。定位：kiminozs/21本編第１部_7月29日（日）/game_t15287；kiminozs/21本編第１部_7月30日（月）/game_t15677；kiminozs/21本編第１部_7月31日（火）/game_t16596；kiminozs/21本編第１部_8月03日（金）/game_t20003；kiminozs/22本編第２部_8月04日（土）/game_t21343；kiminozs/22本編第２部_8月05日（日）/game_t22820；LE 095:3636。
大空寺君,大空寺君,contextual,番外／024大空寺降臨_01大空寺降臨；本篇／21本編第１部_8月02日（木）；本篇／22本編第２部_8月07日（火）；本篇／22本編第２部_8月09日（木）；本篇／22本編第２部_8月10日（金）；本篇／26水月Trueルート_08_第6日目；LE旧译参考,kiminozo-context-20261009,89,context-reference,,姓名核心与敬称分开；称呼受说话双方关系及语气影响，保留所列整句用法，不把后缀固定成一个汉语称谓。定位：kiminoaz/024大空寺降臨_01大空寺降臨/game_t00166；kiminozs/21本編第１部_8月02日（木）/game_t18668；kiminozs/22本編第２部_8月07日（火）/game_t24298；kiminozs/22本編第２部_8月09日（木）/game_t27590；kiminozs/22本編第２部_8月10日（金）/game_t30240；kiminozs/26水月Trueルート_08_第6日目/game_t44480；LE 154:3704。
大空寺様,大空寺大人,contextual,番外／024大空寺降臨_01大空寺降臨；本篇／22本編第２部_8月11日（土）；LE旧译参考,kiminozo-context-20261009,90,context-reference,,姓名核心与敬称分开；称呼受说话双方关系及语气影响，保留所列整句用法，不把后缀固定成一个汉语称谓。定位：kiminoaz/024大空寺降臨_01大空寺降臨/game_t00147；kiminozs/22本編第２部_8月11日（土）/game_t32651；LE 149:1834。
天川さん,天川同学／天川,contextual,番外／16蛍1_がんばろう；本篇／21本編第１部_8月01日（水）；本篇／21本編第１部_8月02日（木）；本篇／21本編第１部_8月03日（金）；本篇／22本編第２部_8月04日（土）；本篇／22本編第２部_8月05日（日）；LE旧译参考,kiminozo-context-20261009,91,context-reference,,姓名核心与敬称分开；称呼受说话双方关系及语气影响，保留所列整句用法，不把后缀固定成一个汉语称谓。定位：kiminoaz/16蛍1_がんばろう/game_t01355；kiminozs/21本編第１部_8月01日（水）/game_t17533；kiminozs/21本編第１部_8月02日（木）/game_t18148；kiminozs/21本編第１部_8月03日（金）/game_t19730；kiminozs/22本編第２部_8月04日（土）/game_t20419；kiminozs/22本編第２部_8月05日（日）/game_t22147；LE 048:1828。
天川ヤリまくり説,天川经验丰富假说,contextual,LE旧译参考,kiminozo-context-20261009,92,context-reference,,角色针对天川的猜测性说法，并非正式作品或组织名。定位：LE 068:1923。
女コス好きのニーソックスマニア,女COSER过膝袜的狂热爱好者,contextual,本篇／10プロローグ_7月03日（金）,kiminozo-context-20261009,93,context-reference,,慎二的完整戏谑称号；后续昵称仍为二弟。按最新审核调整完整称号，不把昵称中的二弟反向扩写成过膝袜称号。定位：kiminozs/10プロローグ_7月03日（金）/game_t00752。
妹さん,妹妹,contextual,番外／30バカシナリオ；本篇／21本編第１部_7月31日（火）；本篇／21本編第１部_8月01日（水）；本篇／21本編第１部_8月03日（金）；本篇／22本編第２部_8月04日（土）；本篇／22本編第２部_8月05日（日）；LE旧译参考,kiminozo-context-20261009,94,context-reference,,姓名核心与敬称分开；称呼受说话双方关系及语气影响，保留所列整句用法，不把后缀固定成一个汉语称谓。定位：kiminoaz/30バカシナリオ/game_t03099；kiminozs/21本編第１部_7月31日（火）/game_t16211；kiminozs/21本編第１部_8月01日（水）/game_t17577；kiminozs/21本編第１部_8月03日（金）/game_t19246；kiminozs/22本編第２部_8月04日（土）/game_t20429；kiminozs/22本編第２部_8月05日（日）/game_t22345；LE 092:216。
姉さん,姐姐,contextual,番外／30バカシナリオ；本篇／10プロローグ_7月06日（月）；本篇／10プロローグ_8月09日（日）；本篇／13a茜専用ルート_08月10日続き；本篇／13a茜専用ルート_08月11日；本篇／13a茜専用ルート_08月12日水月と会う；LE旧译参考,kiminozo-context-20261009,95,context-reference,,姓名核心与敬称分开；称呼受说话双方关系及语气影响，保留所列整句用法，不把后缀固定成一个汉语称谓。定位：kiminoaz/30バカシナリオ/game_t02763；kiminozs/10プロローグ_7月06日（月）/game_t01446；kiminozs/10プロローグ_8月09日（日）/game_t05985；kiminozs/13a茜専用ルート_08月10日続き/game_t11712；kiminozs/13a茜専用ルート_08月11日/game_t11837；kiminozs/13a茜専用ルート_08月12日水月と会う/game_t12031；LE 042:1324。
孝之くん,孝之君；孝之,contextual,番外／30バカシナリオ；本篇／10プロローグ_8月20日（木）；本篇／11遙ルート_08月27日B；本篇／21本編第１部_7月31日（火）；本篇／21本編第１部_8月01日（水）；本篇／21本編第１部_8月02日（木）；LE旧译参考,kiminozo-context-20261009,96,context-reference,,姓名核心与敬称分开；称呼受说话双方关系及语气影响，保留所列整句用法，不把后缀固定成一个汉语称谓。定位：kiminoaz/30バカシナリオ/game_t03207；kiminozs/10プロローグ_8月20日（木）/game_t07601；kiminozs/11遙ルート_08月27日B/game_t08929；kiminozs/21本編第１部_7月31日（火）/game_t16239；kiminozs/21本編第１部_8月01日（水）/game_t17599；kiminozs/21本編第１部_8月02日（木）/game_t18286；LE 047:741。
孝之さん,孝之,contextual,番外／14まゆ1_まけないもんっ！；本篇／10プロローグ_8月20日（木）；本篇／13a茜専用ルート_09月X日；本篇／13愛美ルート_07月25日（土）；本篇／13愛美ルート_11月13日（金）；本篇／21本編第１部_8月01日（水）；LE旧译参考,kiminozo-context-20261009,97,context-reference,,姓名核心与敬称分开；称呼受说话双方关系及语气影响，保留所列整句用法，不把后缀固定成一个汉语称谓。定位：kiminoaz/14まゆ1_まけないもんっ！/game_t01129；kiminozs/10プロローグ_8月20日（木）/game_t07685；kiminozs/13a茜専用ルート_09月X日/game_t13199；kiminozs/13愛美ルート_07月25日（土）/game_t14543；kiminozs/13愛美ルート_11月13日（金）/game_t14814；kiminozs/21本編第１部_8月01日（水）/game_t17865；LE 059:1208。
孝之ちゃん,孝之小朋友／小孝之／孝之（依例句）,contextual,本篇／10プロローグ_7月11日（土）；本篇／40愛美ルート_E_10月11日（木）；本篇／40愛美ルート_E_11月2日（金）；本篇／40愛美ルート_E_11月3日（土）；LE旧译参考,kiminozo-context-20261009,98,context-reference,,姓名核心与敬称分开；称呼受说话双方关系及语气影响，保留所列整句用法，不把后缀固定成一个汉语称谓。定位：kiminozs/10プロローグ_7月11日（土）/game_t03416；kiminozs/40愛美ルート_E_10月11日（木）/game_t72105；kiminozs/40愛美ルート_E_11月2日（金）/game_t72284；kiminozs/40愛美ルート_E_11月3日（土）/game_t72479；LE 137:7；LE 137:16；LE 137:243。
孝之君,孝之君,contextual,番外／10前編：孝之編；番外／30バカシナリオ；本篇／10プロローグ_8月03日（月）；本篇／10プロローグ_8月06日（木）；本篇／10プロローグ_8月09日（日）；本篇／10プロローグ_8月10日（月）；LE旧译参考,kiminozo-context-20261009,99,context-reference,,姓名核心与敬称分开；称呼受说话双方关系及语气影响，保留所列整句用法，不把后缀固定成一个汉语称谓。定位：kiminoaz/10前編：孝之編/game_t00243；kiminoaz/30バカシナリオ/game_t02619；kiminozs/10プロローグ_8月03日（月）/game_t04905；kiminozs/10プロローグ_8月06日（木）/game_t05321；kiminozs/10プロローグ_8月09日（日）/game_t05805；kiminozs/10プロローグ_8月10日（月）/game_t06105；LE 030:782。
学園前の坂,学园前的坡道；学校前的坡道,contextual,本篇／10プロローグ_7月06日（月）；本篇／10プロローグ_7月09日（木）,kiminozo-context-20261009,100,context-reference,,语境用法参考，按所列篇章及指代使用；同形词在其他语境可另译。定位：kiminozs/10プロローグ_7月06日（月）/game_t01163；kiminozs/10プロローグ_7月09日（木）/game_t02612。
実業団,企业队／职业队（实际用例并列）,contextual,番外／17慎二1_君のためにできること；本篇／10プロローグ_7月03日（金）；本篇／10プロローグ_7月04日（土）；本篇／10プロローグ_8月15日（土）；本篇／11遙ルート_08月27日B；本篇／12水月_茜ルート_07月20日終業式；LE旧译参考,kiminozo-context-20261009,101,context-reference,,实业团是队伍类别；当前译文有企业队／职业队，按具体叙述核对。定位：kiminoaz/17慎二1_君のためにできること/game_t01581；kiminozs/10プロローグ_7月03日（金）/game_t00689；kiminozs/10プロローグ_7月04日（土）/game_t00975；kiminozs/10プロローグ_8月15日（土）/game_t06812；kiminozs/11遙ルート_08月27日B/game_t08759；kiminozs/12水月_茜ルート_07月20日終業式/game_t09693；LE 079:1918。
宮前さん,宫前爷爷,contextual,LE旧译参考,kiminozo-context-20261009,102,context-reference,,姓名核心与敬称分开；称呼受说话双方关系及语气影响，保留所列整句用法，不把后缀固定成一个汉语称谓。定位：LE 130:4183；LE 130:4188；LE 130:4196；LE 130:4233；LE 130:4238；LE 130:4252。
対無触角人組織,「触角人类对抗无触角人的组织。」,contextual,番外／10前編：孝之編,kiminozo-context-20261009,103,context-reference,,语境用法参考，按所列篇章及指代使用；同形词在其他语境可另译。定位：kiminoaz/10前編：孝之編/game_t00296。
山田先輩,山田前辈,contextual,番外／16蛍1_がんばろう,kiminozo-context-20261009,104,context-reference,,姓名核心与敬称分开；称呼受说话双方关系及语气影响，保留所列整句用法，不把后缀固定成一个汉语称谓。定位：kiminoaz/16蛍1_がんばろう/game_t01465。
平くん,平君,contextual,本篇／21本編第１部_8月01日（水）；本篇／22本編第２部_8月06日（月）；本篇／22本編第２部_8月09日（木）；本篇／23本編第３部_09_それから数日；LE旧译参考,kiminozo-context-20261009,105,context-reference,,姓名核心与敬称分开；称呼受说话双方关系及语气影响，保留所列整句用法，不把后缀固定成一个汉语称谓。定位：kiminozs/21本編第１部_8月01日（水）/game_t17614；kiminozs/22本編第２部_8月06日（月）/game_t23310；kiminozs/22本編第２部_8月09日（木）/game_t28872；kiminozs/23本編第３部_09_それから数日/game_t38380；LE 068:1292；LE 068:1307；LE 259:382。
平さん,平,contextual,本篇／40愛美ルート_9月10日（月）；本篇／500遙アフター_010OVA１話相当；本篇／500遙アフター_020OVA３話相当；LE旧译参考,kiminozo-context-20261009,106,context-reference,,姓名核心与敬称分开；称呼受说话双方关系及语气影响，保留所列整句用法，不把后缀固定成一个汉语称谓。定位：kiminozs/40愛美ルート_9月10日（月）/game_t72092；kiminozs/500遙アフター_010OVA１話相当/game_t77098；kiminozs/500遙アフター_020OVA３話相当/game_t80727；LE 030:698；LE 104:263；LE 141:3454。
平君,平君,contextual,本篇／10プロローグ_7月14日（火）；本篇／10プロローグ_8月20日（木）；本篇／11遙ルート_08月27日B；本篇／12水月_茜ルート_07月20日終業式；本篇／12水月_茜ルート_08月15日祭りの日；本篇／22本編第２部_8月05日（日）；LE旧译参考,kiminozo-context-20261009,107,context-reference,,姓名核心与敬称分开；称呼受说话双方关系及语气影响，保留所列整句用法，不把后缀固定成一个汉语称谓。定位：kiminozs/10プロローグ_7月14日（火）/game_t03901；kiminozs/10プロローグ_8月20日（木）/game_t07297；kiminozs/11遙ルート_08月27日B/game_t08755；kiminozs/12水月_茜ルート_07月20日終業式/game_t09628；kiminozs/12水月_茜ルート_08月15日祭りの日/game_t10937；kiminozs/22本編第２部_8月05日（日）/game_t22304；LE 041:423。
店長,店长,contextual,番外／024大空寺降臨_01大空寺降臨；番外／14まゆ1_まけないもんっ！；本篇／21本編第１部_7月29日（日）；本篇／21本編第１部_7月30日（月）；本篇／21本編第１部_7月31日（火）；本篇／21本編第１部_8月01日（水）；LE旧译参考,kiminozo-context-20261009,108,context-reference,,语境用法参考，按所列篇章及指代使用；同形词在其他语境可另译。定位：kiminoaz/024大空寺降臨_01大空寺降臨/game_t00101；kiminoaz/14まゆ1_まけないもんっ！/game_t01135；kiminozs/21本編第１部_7月29日（日）/game_t15281；kiminozs/21本編第１部_7月30日（月）/game_t15663；kiminozs/21本編第１部_7月31日（火）/game_t16578；kiminozs/21本編第１部_8月01日（水）/game_t17945；LE 030:3376。
店長さん,店长,contextual,番外／14まゆ1_まけないもんっ！；本篇／21本編第１部_8月01日（水）；本篇／22本編第２部_8月12日（日）；本篇／22本編第２部_8月13日（月）；本篇／26水月Trueルート_07_第5日目；本篇／35あゆまゆルート_8月12日（日）；LE旧译参考,kiminozo-context-20261009,109,context-reference,,姓名核心与敬称分开；称呼受说话双方关系及语气影响，保留所列整句用法，不把后缀固定成一个汉语称谓。定位：kiminoaz/14まゆ1_まけないもんっ！/game_t01135；kiminozs/21本編第１部_8月01日（水）/game_t17965；kiminozs/22本編第２部_8月12日（日）/game_t33598；kiminozs/22本編第２部_8月13日（月）/game_t35447；kiminozs/26水月Trueルート_07_第5日目/game_t44187；kiminozs/35あゆまゆルート_8月12日（日）/game_t55747；LE 172:225。
強化指定選手,奥运后备选手,contextual,本篇／10プロローグ_7月04日（土）；本篇／10プロローグ_8月15日（土）；LE旧译参考,kiminozo-context-20261009,110,context-reference,,语境用法参考，按所列篇章及指代使用；同形词在其他语境可另译。定位：kiminozs/10プロローグ_7月04日（土）/game_t00976；kiminozs/10プロローグ_8月15日（土）/game_t06813；LE 026:554；LE 261:168；LE 261:264。
愛美さん,爱美,contextual,本篇／13愛美ルート_11月13日（金）；LE旧译参考,kiminozo-context-20261009,111,context-reference,,姓名核心与敬称分开；称呼受说话双方关系及语气影响，保留所列整句用法，不把后缀固定成一个汉语称谓。定位：kiminozs/13愛美ルート_11月13日（金）/game_t14976；LE 140:610；LE 140:631。
慎二くん,慎二君,contextual,本篇／11遙ルート_08月27日B；本篇／25遙Trueルート_04_第3日目（8月24日（金））；LE旧译参考,kiminozo-context-20261009,112,context-reference,,姓名核心与敬称分开；称呼受说话双方关系及语气影响，保留所列整句用法，不把后缀固定成一个汉语称谓。定位：kiminozs/11遙ルート_08月27日B/game_t09030；kiminozs/25遙Trueルート_04_第3日目（8月24日（金））/game_t40099；LE 050:868；LE 110:285。
慎二君,慎二君；慎二,contextual,番外／11水月1_風に揺れる水面；番外／17慎二1_君のためにできること；本篇／001_1998年5月下旬～；本篇／10プロローグ_7月03日（金）；本篇／10プロローグ_7月06日（月）；本篇／10プロローグ_7月08日（水）；LE旧译参考,kiminozo-context-20261009,113,context-reference,,姓名核心与敬称分开；称呼受说话双方关系及语气影响，保留所列整句用法，不把后缀固定成一个汉语称谓。定位：kiminoaz/11水月1_風に揺れる水面/game_t00561；kiminoaz/17慎二1_君のためにできること/game_t01535；kiminozs/001_1998年5月下旬～/game_t00009；kiminozs/10プロローグ_7月03日（金）/game_t00720；kiminozs/10プロローグ_7月06日（月）/game_t01441；kiminozs/10プロローグ_7月08日（水）/game_t02281；LE 046:1942。
戴帽式,授帽仪式,contextual,番外／16蛍1_がんばろう,kiminozo-context-20261009,114,context-reference,,语境用法参考，按所列篇章及指代使用；同形词在其他语境可另译。定位：kiminoaz/16蛍1_がんばろう/game_t01345；kiminoaz/16蛍1_がんばろう/game_t01357。
文緒っち,文绪,contextual,本篇／21本編第１部_8月01日（水）；本篇／21本編第１部_8月02日（木）；本篇／21本編第１部_8月03日（金）；本篇／22本編第２部_8月04日（土）；本篇／22本編第２部_8月05日（日）；LE旧译参考,kiminozo-context-20261009,115,context-reference,,姓名核心与敬称分开；称呼受说话双方关系及语气影响，保留所列整句用法，不把后缀固定成一个汉语称谓。定位：kiminozs/21本編第１部_8月01日（水）/game_t17504；kiminozs/21本編第１部_8月02日（木）/game_t18127；kiminozs/21本編第１部_8月03日（金）/game_t19765；kiminozs/22本編第２部_8月04日（土）/game_t21776；kiminozs/22本編第２部_8月05日（日）/game_t22149；LE 047:1758；LE 069:3095。
新人類,新人类,contextual,番外／10前編：孝之編,kiminozo-context-20261009,116,context-reference,,语境用法参考，按所列篇章及指代使用；同形词在其他语境可另译。定位：kiminoaz/10前編：孝之編/game_t00235；kiminoaz/10前編：孝之編/game_t00241。
旧人類,旧人类,contextual,番外／10前編：孝之編,kiminozo-context-20261009,117,context-reference,,语境用法参考，按所列篇章及指代使用；同形词在其他语境可另译。定位：kiminoaz/10前編：孝之編/game_t00241。
星乃さん,星乃同学／星乃（当前正文用法）,contextual,番外／16蛍1_がんばろう；本篇／21本編第１部_8月02日（木）；本篇／21本編第１部_8月03日（金）；本篇／22本編第２部_8月04日（土）；本篇／22本編第２部_8月05日（日）；本篇／22本編第２部_8月07日（火）；LE旧译参考,kiminozo-context-20261009,118,context-reference,,姓名核心与敬称分开；称呼受说话双方关系及语气影响，保留所列整句用法，不把后缀固定成一个汉语称谓。定位：kiminoaz/16蛍1_がんばろう/game_t01384；kiminozs/21本編第１部_8月02日（木）/game_t18162；kiminozs/21本編第１部_8月03日（金）/game_t19738；kiminozs/22本編第２部_8月04日（土）/game_t20918；kiminozs/22本編第２部_8月05日（日）/game_t22122；kiminozs/22本編第２部_8月07日（火）/game_t24394；LE 048:1797。
校舎建設予定地,校舍预定地,contextual,本篇／002_1979年3月上旬～；本篇／003_1979年6月中旬～,kiminozo-context-20261009,119,context-reference,,语境用法参考，按所列篇章及指代使用；同形词在其他语境可另译。定位：kiminozs/002_1979年3月上旬～/game_t00134；kiminozs/003_1979年6月中旬～/game_t00510。
株式会社すかいてんぷる,ＳＫＹ　ＴＥＭＰＬＥ；株式会社ＳＫＹ　ＴＥＭＰＬＥ,contextual,本篇／500遙アフター_011OVA１話相当02；本篇／520茜アフター_2001年10月11日（木）002；LE旧译参考,kiminozo-context-20261009,120,context-reference,,公司名称核心按术语表固定，株式会社等组织形式在整句中处理，不能把完整法人形式脱离用例强替换。定位：kiminozs/500遙アフター_011OVA１話相当02/game_t78802；kiminozs/520茜アフター_2001年10月11日（木）002/game_t85703；LE 078:1775；LE 143:239；LE 143:388。
榊さん,榊,contextual,本篇／520茜アフター_2001年10月11日（木）002；本篇／520茜アフター_2001年10月12日（金）；本篇／520茜アフター_2001年10月13日（土）；LE旧译参考,kiminozo-context-20261009,121,context-reference,,姓名核心与敬称分开；称呼受说话双方关系及语气影响，保留所列整句用法，不把后缀固定成一个汉语称谓。定位：kiminozs/520茜アフター_2001年10月11日（木）002/game_t86005；kiminozs/520茜アフター_2001年10月12日（金）/game_t86289；kiminozs/520茜アフター_2001年10月13日（土）/game_t86868；LE 143:1412；LE 155:401；LE 155:669；LE 166:2269。
水月さん,水月同学／水月,contextual,番外／30バカシナリオ；本篇／21本編第１部_8月01日（水）；本篇／510水月アフター_2001年9月22日（土）；本篇／520茜アフター_2001年10月13日（土）；LE旧译参考,kiminozo-context-20261009,122,context-reference,,姓名核心与敬称分开；称呼受说话双方关系及语气影响，保留所列整句用法，不把后缀固定成一个汉语称谓。定位：kiminoaz/30バカシナリオ/game_t02677；kiminozs/21本編第１部_8月01日（水）/game_t17573；kiminozs/510水月アフター_2001年9月22日（土）/game_t83403；kiminozs/520茜アフター_2001年10月13日（土）/game_t86994；LE 094:555；LE 142:954；LE 166:2251。
水月ちゃん,水月,contextual,本篇／10プロローグ_8月10日（月）；本篇／12水月_茜ルート_08月10日水月の彼氏目撃；本篇／30茜ルート_8月26日（日）；LE旧译参考,kiminozo-context-20261009,123,context-reference,,姓名核心与敬称分开；称呼受说话双方关系及语气影响，保留所列整句用法，不把后缀固定成一个汉语称谓。定位：kiminozs/10プロローグ_8月10日（月）/game_t06213；kiminozs/12水月_茜ルート_08月10日水月の彼氏目撃/game_t10560；kiminozs/30茜ルート_8月26日（日）/game_t49954；LE 219:167；LE 247:328；LE 265:580。
水月先輩,水月前辈,contextual,番外／10前編：孝之編；番外／12茜1_いつか、きっと……；本篇／10プロローグ_8月03日（月）；本篇／10プロローグ_8月09日（日）；本篇／10プロローグ_8月11日（火）；本篇／10プロローグ_8月26日；LE旧译参考,kiminozo-context-20261009,124,context-reference,,姓名核心与敬称分开；称呼受说话双方关系及语气影响，保留所列整句用法，不把后缀固定成一个汉语称谓。定位：kiminoaz/10前編：孝之編/game_t00454；kiminoaz/12茜1_いつか、きっと……/game_t00740；kiminozs/10プロローグ_8月03日（月）/game_t04902；kiminozs/10プロローグ_8月09日（日）/game_t05579；kiminozs/10プロローグ_8月11日（火）/game_t06714；kiminozs/10プロローグ_8月26日/game_t07765；LE 110:899。
水泳部,游泳部,contextual,番外／12茜1_いつか、きっと……；番外／30バカシナリオ；本篇／10プロローグ_7月03日（金）；本篇／10プロローグ_7月04日（土）；本篇／10プロローグ_7月07日（火）；本篇／10プロローグ_7月08日（水）；LE旧译参考,kiminozo-context-20261009,125,context-reference,,语境用法参考，按所列篇章及指代使用；同形词在其他语境可另译。定位：kiminoaz/12茜1_いつか、きっと……/game_t00848；kiminoaz/30バカシナリオ/game_t02714；kiminozs/10プロローグ_7月03日（金）/game_t00674；kiminozs/10プロローグ_7月04日（土）/game_t00936；kiminozs/10プロローグ_7月07日（火）/game_t02034；kiminozs/10プロローグ_7月08日（水）/game_t02345；LE 117:653。
涼宮さん,凉宫同学；凉宫,contextual,番外／30バカシナリオ；本篇／10プロローグ_7月06日（月）；本篇／10プロローグ_7月07日（火）；本篇／10プロローグ_7月08日（水）；本篇／10プロローグ_7月09日（木）；本篇／10プロローグ_7月10日（金）；LE旧译参考,kiminozo-context-20261009,126,context-reference,,姓名核心与敬称分开；称呼受说话双方关系及语气影响，保留所列整句用法，不把后缀固定成一个汉语称谓。定位：kiminoaz/30バカシナリオ/game_t03073；kiminozs/10プロローグ_7月06日（月）/game_t01506；kiminozs/10プロローグ_7月07日（火）/game_t02012；kiminozs/10プロローグ_7月08日（水）/game_t02150；kiminozs/10プロローグ_7月09日（木）/game_t02726；kiminozs/10プロローグ_7月10日（金）/game_t02925；LE 039:1823。
涼宮先輩,凉宫前辈,contextual,本篇／520茜アフター_2001年10月09日（火）；本篇／520茜アフター_2001年10月12日（金）；本篇／520茜アフター_9000それから；LE旧译参考,kiminozo-context-20261009,127,context-reference,,姓名核心与敬称分开；称呼受说话双方关系及语气影响，保留所列整句用法，不把后缀固定成一个汉语称谓。定位：kiminozs/520茜アフター_2001年10月09日（火）/game_t84612；kiminozs/520茜アフター_2001年10月12日（金）/game_t86210；kiminozs/520茜アフター_9000それから/game_t87034；LE 032:965；LE 155:25；LE 155:30；LE 177:393。
無触角人,无触角人,contextual,番外／10前編：孝之編；番外／20後編：剛田編,kiminozo-context-20261009,128,context-reference,,语境用法参考，按所列篇章及指代使用；同形词在其他语境可另译。定位：kiminoaz/10前編：孝之編/game_t00296；kiminoaz/20後編：剛田編/game_t02219；kiminoaz/20後編：剛田編/game_t02393。
獣人,兽人,contextual,番外／10前編：孝之編；番外／20後編：剛田編,kiminozo-context-20261009,129,context-reference,,语境用法参考，按所列篇章及指代使用；同形词在其他语境可另译。定位：kiminoaz/10前編：孝之編/game_t00438；kiminoaz/20後編：剛田編/game_t02234；kiminoaz/20後編：剛田編/game_t02485。
獣人族,兽人族,contextual,番外／20後編：剛田編,kiminozo-context-20261009,130,context-reference,,语境用法参考，按所列篇章及指代使用；同形词在其他语境可另译。定位：kiminoaz/20後編：剛田編/game_t02469。
玉野さん,玉野,contextual,番外／14まゆ1_まけないもんっ！；本篇／21本編第１部_7月30日（月）；本篇／21本編第１部_8月01日（水）；本篇／21本編第１部_8月02日（木）；本篇／21本編第１部_8月03日（金）；本篇／22本編第２部_8月04日（土）；LE旧译参考,kiminozo-context-20261009,131,context-reference,,姓名核心与敬称分开；称呼受说话双方关系及语气影响，保留所列整句用法，不把后缀固定成一个汉语称谓。定位：kiminoaz/14まゆ1_まけないもんっ！/game_t01115；kiminozs/21本編第１部_7月30日（月）/game_t15742；kiminozs/21本編第１部_8月01日（水）/game_t17896；kiminozs/21本編第１部_8月02日（木）/game_t18589；kiminozs/21本編第１部_8月03日（金）/game_t19809；kiminozs/22本編第２部_8月04日（土）/game_t20949；LE 047:2189。
玉野まゆさん,玉野真由小姐,contextual,本篇／21本編第１部_7月30日（月）；LE旧译参考,kiminozo-context-20261009,132,context-reference,,姓名核心与敬称分开；称呼受说话双方关系及语气影响，保留所列整句用法，不把后缀固定成一个汉语称谓。定位：kiminozs/21本編第１部_7月30日（月）/game_t15690；LE 093:195；LE 093:292。
留守番電話サービスセンター,电话留言服务中心；电话留言中心,contextual,本篇／21本編第１部_7月29日（日）；本篇／22本編第２部_8月07日（火）；本篇／25遙Trueルート_01_それから数日（夜）；本篇／30茜ルート_8月26日（日）；本篇／36あゆ専用ルート_8月24日（金）；本篇／40愛美ルート_8月16日（木）；LE旧译参考,kiminozo-context-20261009,133,context-reference,,语境用法参考，按所列篇章及指代使用；同形词在其他语境可另译。定位：kiminozs/21本編第１部_7月29日（日）/game_t15600；kiminozs/22本編第２部_8月07日（火）/game_t25007；kiminozs/25遙Trueルート_01_それから数日（夜）/game_t38906；kiminozs/30茜ルート_8月26日（日）/game_t49595；kiminozs/36あゆ専用ルート_8月24日（金）/game_t62502；kiminozs/40愛美ルート_8月16日（木）/game_t68834；LE 265:650。
神宮司先生,神宫司老师,contextual,本篇／500遙アフター_020OVA４話相当；本篇／520茜アフター_2001年10月11日（木）；LE旧译参考,kiminozo-context-20261009,134,context-reference,,姓名核心与敬称分开；称呼受说话双方关系及语气影响，保留所列整句用法，不把后缀固定成一个汉语称谓。定位：kiminozs/500遙アフター_020OVA４話相当/game_t80879；kiminozs/520茜アフター_2001年10月11日（木）/game_t85468；LE 119:1694；LE 119:1702；LE 154:423；LE 154:435。
穂村さん,穗村；穗村同学,contextual,本篇／13愛美ルート_07月08日（水）；本篇／13愛美ルート_07月09日（木）；本篇／13愛美ルート_07月10日（金）；本篇／13愛美ルート_07月12日（日）；本篇／13愛美ルート_07月13日（月）；本篇／13愛美ルート_07月20日（月）；LE旧译参考,kiminozo-context-20261009,135,context-reference,,姓名核心与敬称分开；称呼受说话双方关系及语气影响，保留所列整句用法，不把后缀固定成一个汉语称谓。定位：kiminozs/13愛美ルート_07月08日（水）/game_t13322；kiminozs/13愛美ルート_07月09日（木）/game_t13385；kiminozs/13愛美ルート_07月10日（金）/game_t13580；kiminozs/13愛美ルート_07月12日（日）/game_t13707；kiminozs/13愛美ルート_07月13日（月）/game_t13875；kiminozs/13愛美ルート_07月20日（月）/game_t14083；LE 048:930。
笑顔のお守り,笑容的守护石；笑容的护身符,contextual,LE旧译参考,kiminozo-context-20261009,136,context-reference,,指萤赠送的石头；旧译笑容的守护石／笑容的护身符并存，暂按具体物件称呼保留基线表。定位：LE 089:688；LE 182:98；LE 193:19；LE 193:42；LE 203:156；LE 213:14；LE 278:56。
第一世代,第一代,contextual,番外／20後編：剛田編,kiminozo-context-20261009,137,context-reference,,语境用法参考，按所列篇章及指代使用；同形词在其他语境可另译。定位：kiminoaz/20後編：剛田編/game_t02388；kiminoaz/20後編：剛田編/game_t02389。
絵本作家展,绘本作家展,contextual,本篇／10プロローグ_8月26日；本篇／10プロローグ_8月27日；本篇／23本編第３部_06_孝之の夢4；本篇／25遙Trueルート_08_第7日目（9月10日（月））；本篇／26水月Trueルート_06_孝之の夢6；本篇／500遙アフター_010OVA１話相当；LE旧译参考,kiminozo-context-20261009,138,context-reference,,语境用法参考，按所列篇章及指代使用；同形词在其他语境可另译。定位：kiminozs/10プロローグ_8月26日/game_t07756；kiminozs/10プロローグ_8月27日/game_t07947；kiminozs/23本編第３部_06_孝之の夢4/game_t37561；kiminozs/25遙Trueルート_08_第7日目（9月10日（月））/game_t42355；kiminozs/26水月Trueルート_06_孝之の夢6/game_t43955；kiminozs/500遙アフター_010OVA１話相当/game_t77103；LE 236:334。
絵本展,绘本展,contextual,本篇／22本編第２部_8月09日（木）；LE旧译参考,kiminozo-context-20261009,139,context-reference,,语境用法参考，按所列篇章及指代使用；同形词在其他语境可另译。定位：kiminozs/22本編第２部_8月09日（木）/game_t29058；LE 095:5008。
茜くん,茜君,contextual,本篇／10プロローグ_8月26日；本篇／23本編第３部_06_孝之の夢4；本篇／25遙Trueルート_08_第7日目（9月10日（月））；LE旧译参考,kiminozo-context-20261009,140,context-reference,,姓名核心与敬称分开；称呼受说话双方关系及语气影响，保留所列整句用法，不把后缀固定成一个汉语称谓。定位：kiminozs/10プロローグ_8月26日/game_t07801；kiminozs/23本編第３部_06_孝之の夢4/game_t37606；kiminozs/25遙Trueルート_08_第7日目（9月10日（月））/game_t42325；LE 086:209；LE 088:442；LE 236:140。
茜さん,茜小姐／茜,contextual,番外／10前編：孝之編；番外／20後編：剛田編；本篇／22本編第２部_8月09日（木）；本篇／520茜アフター_2001年10月09日（火）；本篇／520茜アフター_2001年10月13日（土）；LE旧译参考,kiminozo-context-20261009,141,context-reference,,姓名核心与敬称分开；称呼受说话双方关系及语气影响，保留所列整句用法，不把后缀固定成一个汉语称谓。定位：kiminoaz/10前編：孝之編/game_t00380；kiminoaz/20後編：剛田編/game_t02214；kiminozs/22本編第２部_8月09日（木）/game_t27775；kiminozs/520茜アフター_2001年10月09日（火）/game_t84422；kiminozs/520茜アフター_2001年10月13日（土）/game_t86860；LE 032:270；LE 166:1234。
茜ちゃん,小茜；茜,contextual,番外／10前編：孝之編；番外／12茜1_いつか、きっと……；番外／30バカシナリオ；本篇／10プロローグ_8月03日（月）；本篇／10プロローグ_8月06日（木）；本篇／10プロローグ_8月09日（日）；LE旧译参考,kiminozo-context-20261009,142,context-reference,,姓名核心与敬称分开；称呼受说话双方关系及语气影响，保留所列整句用法，不把后缀固定成一个汉语称谓。定位：kiminoaz/10前編：孝之編/game_t00254；kiminoaz/12茜1_いつか、きっと……/game_t00879；kiminoaz/30バカシナリオ/game_t02739；kiminozs/10プロローグ_8月03日（月）/game_t04889；kiminozs/10プロローグ_8月06日（木）/game_t05334；kiminozs/10プロローグ_8月09日（日）/game_t05557；LE 030:1736。
茜ちゃん退治,去打小茜,contextual,番外／30バカシナリオ,kiminozo-context-20261009,143,context-reference,,语境用法参考，按所列篇章及指代使用；同形词在其他语境可另译。定位：kiminoaz/30バカシナリオ/game_t02739。
茜君,茜君,contextual,本篇／10プロローグ_8月03日（月）,kiminozo-context-20261009,144,context-reference,,姓名核心与敬称分开；称呼受说话双方关系及语气影响，保留所列整句用法，不把后缀固定成一个汉语称谓。定位：kiminozs/10プロローグ_8月03日（月）/game_t04901；kiminozs/10プロローグ_8月03日（月）/game_t05118。
蛍ちゃん,小萤,contextual,LE旧译参考,kiminozo-context-20261009,145,context-reference,,姓名核心与敬称分开；称呼受说话双方关系及语气影响，保留所列整句用法，不把后缀固定成一个汉语称谓。定位：LE 159:90；LE 274:206；LE 274:213；LE 282:245；LE 282:286；LE 282:321；LE 282:336。
西島さん,西岛,contextual,本篇／510水月アフター_2001年9月16日（日）；LE旧译参考,kiminozo-context-20261009,146,context-reference,,姓名核心与敬称分开；称呼受说话双方关系及语气影响，保留所列整句用法，不把后缀固定成一个汉语称谓。定位：kiminozs/510水月アフター_2001年9月16日（日）/game_t82286；LE 079:94；LE 079:2388。
触角人,触角人／触角人类（须区别词形）,contextual,番外／10前編：孝之編；番外／20後編：剛田編,kiminozo-context-20261009,147,context-reference,,触角人并不是每一处都等于触角人類；例句须分别核看人、种类与复合词。定位：kiminoaz/10前編：孝之編/game_t00296；kiminoaz/20後編：剛田編/game_t02206；kiminoaz/20後編：剛田編/game_t02527。
触角人本部急襲作戦,突袭触角人总部的行动,contextual,番外／20後編：剛田編,kiminozo-context-20261009,148,context-reference,,叙述一次突袭行动，并未足以证明是正式作战代号，保留基线表。定位：kiminoaz/20後編：剛田編/game_t02235。
触角人類,触角人类,contextual,番外／10前編：孝之編；番外／20後編：剛田編,kiminozo-context-20261009,149,context-reference,,语境用法参考，按所列篇章及指代使用；同形词在其他语境可另译。定位：kiminoaz/10前編：孝之編/game_t00296；kiminoaz/20後編：剛田編/game_t02206；kiminoaz/20後編：剛田編/game_t02527。
退院決定記念日,确定出院纪念日,contextual,本篇／25遙Trueルート_08_第7日目（9月10日（月））；LE旧译参考,kiminozo-context-20261009,150,context-reference,,描述出院决定当天的纪念日说法；不据单处便把所有日期描述术语化。定位：kiminozs/25遙Trueルート_08_第7日目（9月10日（月））/game_t42426；LE 088:724。
速瀬さん,速濑同学,contextual,番外／30バカシナリオ；本篇／10プロローグ_7月03日（金）；本篇／10プロローグ_7月08日（水）；本篇／10プロローグ_8月11日（火）；本篇／22本編第２部_8月04日（土）；本篇／22本編第２部_8月10日（金）；LE旧译参考,kiminozo-context-20261009,151,context-reference,,姓名核心与敬称分开；称呼受说话双方关系及语气影响，保留所列整句用法，不把后缀固定成一个汉语称谓。定位：kiminoaz/30バカシナリオ/game_t02697；kiminozs/10プロローグ_7月03日（金）/game_t00730；kiminozs/10プロローグ_7月08日（水）/game_t02320；kiminozs/10プロローグ_8月11日（火）/game_t06712；kiminozs/22本編第２部_8月04日（土）/game_t20426；kiminozs/22本編第２部_8月10日（金）/game_t30815；LE 069:114。
速瀬にチチなし！,速濑没有咪咪,contextual,本篇／10プロローグ_7月03日（金）；LE旧译参考,kiminozo-context-20261009,152,context-reference,,语境用法参考，按所列篇章及指代使用；同形词在其他语境可另译。定位：kiminozs/10プロローグ_7月03日（金）/game_t00640；LE 009:259。
速瀬先輩,速濑学姐／速濑前辈,contextual,番外／19水月2_桜散る丘で（後編）；本篇／13愛美ルート_11月13日（金）；LE旧译参考,kiminozo-context-20261009,153,context-reference,,姓名核心与敬称分开；称呼受说话双方关系及语气影响，保留所列整句用法，不把后缀固定成一个汉语称谓。定位：kiminoaz/19水月2_桜散る丘で（後編）/game_t01951；kiminozs/13愛美ルート_11月13日（金）/game_t14826；LE 140:221。
速瀬君,速濑君,contextual,本篇／10プロローグ_8月10日（月）；本篇／22本編第２部_8月12日（日）；本篇／23本編第３部_04_孝之の夢3；LE旧译参考,kiminozo-context-20261009,154,context-reference,,姓名核心与敬称分开；称呼受说话双方关系及语气影响，保留所列整句用法，不把后缀固定成一个汉语称谓。定位：kiminozs/10プロローグ_8月10日（月）/game_t06409；kiminozs/22本編第２部_8月12日（日）/game_t34305；kiminozs/23本編第３部_04_孝之の夢3/game_t36881；LE 161:1876；LE 216:35；LE 247:935。
速瀬教原理主義者,速濑教原教旨主义者,contextual,本篇／10プロローグ_8月03日（月）,kiminozo-context-20261009,155,context-reference,,语境用法参考，按所列篇章及指代使用；同形词在其他语境可另译。定位：kiminozs/10プロローグ_8月03日（月）/game_t04963。
速瀬水月さん,速濑水月同学／速濑水月,contextual,番外／30バカシナリオ；本篇／520茜アフター_2001年10月13日（土）,kiminozo-context-20261009,156,context-reference,,姓名核心与敬称分开；称呼受说话双方关系及语气影响，保留所列整句用法，不把后缀固定成一个汉语称谓。定位：kiminoaz/30バカシナリオ/game_t02677；kiminozs/520茜アフター_2001年10月13日（土）/game_t86994。
速瀬量産型,速濑量产型,contextual,本篇／26水月Trueルート_06_孝之の夢6；LE旧译参考,kiminozo-context-20261009,157,context-reference,,对人物能力的速濑量产型比喻，先结合回忆与比较对象看，不凭字面定成另一个人物名称。定位：kiminozs/26水月Trueルート_06_孝之の夢6/game_t43948；LE 132:110。
遙さん,遥；遥同学,contextual,本篇／10プロローグ_7月23日（木）；本篇／10プロローグ_8月20日（木）；本篇／23本編第３部_07_8月17日（土）；本篇／510水月アフター_2001年9月22日（土）；LE旧译参考,kiminozo-context-20261009,158,context-reference,,姓名核心与敬称分开；称呼受说话双方关系及语气影响，保留所列整句用法，不把后缀固定成一个汉语称谓。定位：kiminozs/10プロローグ_7月23日（木）/game_t04703；kiminozs/10プロローグ_8月20日（木）/game_t07676；kiminozs/23本編第３部_07_8月17日（土）/game_t37771；kiminozs/510水月アフター_2001年9月22日（土）/game_t84008；LE 040:1503；LE 142:3349；LE 245:82。
遙ちゃん,遥,contextual,本篇／40愛美ルート_8月16日（木）；LE旧译参考,kiminozo-context-20261009,159,context-reference,,姓名核心与敬称分开；称呼受说话双方关系及语气影响，保留所列整句用法，不把后缀固定成一个汉语称谓。定位：kiminozs/40愛美ルート_8月16日（木）/game_t68812；LE 171:83；LE 171:84；LE 175:45；LE 182:26；LE 182:59；LE 213:74。
遙伝説,遥之传说,contextual,本篇／10プロローグ_8月20日（木）；LE旧译参考,kiminozo-context-20261009,160,context-reference,,与遙の伝説是同段叙述性说法，留基线表一起对照。定位：kiminozs/10プロローグ_8月20日（木）/game_t07705；LE 040:1560。
香月先生,香月老师（夕呼）／香月医生（素子）,contextual,番外／30バカシナリオ；本篇／21本編第１部_7月31日（火）；本篇／21本編第１部_8月01日（水）；本篇／21本編第１部_8月02日（木）；本篇／21本編第１部_8月03日（金）；本篇／22本編第２部_8月04日（土）；LE旧译参考,kiminozo-context-20261009,161,context-reference,,香月先生涉及医生素子和老师夕呼，必须分对象判断称谓；不能固定为某一个全名。定位：kiminoaz/30バカシナリオ/game_t03183；kiminozs/21本編第１部_7月31日（火）/game_t16053；kiminozs/21本編第１部_8月01日（水）/game_t17464；kiminozs/21本編第１部_8月02日（木）/game_t18124；kiminozs/21本編第１部_8月03日（金）/game_t19142；kiminozs/22本編第２部_8月04日（土）/game_t20420；LE 046:588。
香月局長,香月局长,contextual,番外／20後編：剛田編,kiminozo-context-20261009,162,context-reference,,语境用法参考，按所列篇章及指代使用；同形词在其他语境可另译。定位：kiminoaz/20後編：剛田編/game_t02211；kiminoaz/20後編：剛田編/game_t02496。
高橋君,高桥君,contextual,本篇／10プロローグ_7月07日（火）；LE旧译参考,kiminozo-context-20261009,163,context-reference,,姓名核心与敬称分开；称呼受说话双方关系及语气影响，保留所列整句用法，不把后缀固定成一个汉语称谓。定位：kiminozs/10プロローグ_7月07日（火）/game_t02028；LE 082:756；LE 082:1164。
鳴海くん,鸣海君,contextual,本篇／22本編第２部_8月13日（月）；本篇／23本編第３部_01_孝之の夢1；LE旧译参考,kiminozo-context-20261009,164,context-reference,,姓名核心与敬称分开；称呼受说话双方关系及语气影响，保留所列整句用法，不把后缀固定成一个汉语称谓。定位：kiminozs/22本編第２部_8月13日（月）/game_t35570；kiminozs/23本編第３部_01_孝之の夢1/game_t35981；LE 173:383；LE 185:508。
鳴海さん,鸣海,contextual,番外／30バカシナリオ；本篇／10プロローグ_7月20日（月）；本篇／10プロローグ_8月03日（月）；本篇／10プロローグ_8月09日（日）；本篇／10プロローグ_8月11日（火）；本篇／13a茜専用ルート_08月11日；LE旧译参考,kiminozo-context-20261009,165,context-reference,,姓名核心与敬称分开；称呼受说话双方关系及语气影响，保留所列整句用法，不把后缀固定成一个汉语称谓。定位：kiminoaz/30バカシナリオ/game_t02748；kiminozs/10プロローグ_7月20日（月）/game_t04177；kiminozs/10プロローグ_8月03日（月）/game_t04902；kiminozs/10プロローグ_8月09日（日）/game_t05556；kiminozs/10プロローグ_8月11日（火）/game_t06610；kiminozs/13a茜専用ルート_08月11日/game_t11818；LE 030:1748。
鳴海先輩,鸣海前辈；鸣海学长,contextual,番外／13愛美1_胸の奥の忘れ物；本篇／10プロローグ_7月06日（月）；本篇／10プロローグ_7月10日（金）；本篇／13a茜専用ルート_08月11日；本篇／13愛美ルート_07月08日（水）；本篇／13愛美ルート_07月09日（木）；LE旧译参考,kiminozo-context-20261009,166,context-reference,,姓名核心与敬称分开；称呼受说话双方关系及语气影响，保留所列整句用法，不把后缀固定成一个汉语称谓。定位：kiminoaz/13愛美1_胸の奥の忘れ物/game_t00976；kiminozs/10プロローグ_7月06日（月）/game_t01334；kiminozs/10プロローグ_7月10日（金）/game_t02993；kiminozs/13a茜専用ルート_08月11日/game_t11833；kiminozs/13愛美ルート_07月08日（水）/game_t13302；kiminozs/13愛美ルート_07月09日（木）/game_t13383；LE 156:260。
鳴海君,鸣海君；鸣海,contextual,番外／024大空寺降臨_01大空寺降臨；番外／18遙2_桜散る丘で（前編）；番外／19水月2_桜散る丘で（後編）；番外／20後編：剛田編；番外／30バカシナリオ；本篇／10プロローグ_7月09日（木）；LE旧译参考,kiminozo-context-20261009,167,context-reference,,姓名核心与敬称分开；称呼受说话双方关系及语气影响，保留所列整句用法，不把后缀固定成一个汉语称谓。定位：kiminoaz/024大空寺降臨_01大空寺降臨/game_t00095；kiminoaz/18遙2_桜散る丘で（前編）/game_t01663；kiminoaz/19水月2_桜散る丘で（後編）/game_t02088；kiminoaz/20後編：剛田編/game_t02203；kiminoaz/30バカシナリオ/game_t02673；kiminozs/10プロローグ_7月09日（木）/game_t02609；LE 032:329。
鳴海孝之さん,鸣海孝之,contextual,本篇／13a茜専用ルート_09月X日；本篇／510水月アフター_2001年9月22日（土）；LE旧译参考,kiminozo-context-20261009,168,context-reference,,姓名核心与敬称分开；称呼受说话双方关系及语气影响，保留所列整句用法，不把后缀固定成一个汉语称谓。定位：kiminozs/13a茜専用ルート_09月X日/game_t13199；kiminozs/510水月アフター_2001年9月22日（土）/game_t83237；LE 113:115；LE 142:555。
鳴海孝之君,鸣海孝之君,contextual,本篇／510水月アフター_2001年9月15日（土）敬老の日；LE旧译参考,kiminozo-context-20261009,169,context-reference,,姓名核心与敬称分开；称呼受说话双方关系及语气影响，保留所列整句用法，不把后缀固定成一个汉语称谓。定位：kiminozs/510水月アフター_2001年9月15日（土）敬老の日/game_t81967；LE 031:688。
鳴海孝之様,鸣海孝之；鸣海孝之大人,contextual,本篇／500遙アフター_020OVA４話相当；LE旧译参考,kiminozo-context-20261009,170,context-reference,,姓名核心与敬称分开；称呼受说话双方关系及语气影响，保留所列整句用法，不把后缀固定成一个汉语称谓。定位：kiminozs/500遙アフター_020OVA４話相当/game_t81606；LE 154:3713；LE 262:126；LE 269:252；LE 274:72；LE 278:39；LE 282:794。
ＡＶ,视频音频,contextual,本篇／520茜アフター_9000それから；LE旧译参考,kiminozo-context-20261009,171,context-reference,,语境用法参考，按所列篇章及指代使用；同形词在其他语境可另译。定位：kiminozs/520茜アフター_9000それから/game_t87168；LE 177:611。
ＨＲ,班会,contextual,本篇／520茜アフター_2001年10月11日（木）；LE旧译参考,kiminozo-context-20261009,172,context-reference,,语境用法参考，按所列篇章及指代使用；同形词在其他语境可另译。定位：kiminozs/520茜アフター_2001年10月11日（木）/game_t85463；LE 119:1661。
ＩＣＵ,ICU,contextual,本篇／23本編第３部_03_8月15日（水）；本篇／30茜ルート_8月13日（月）；本篇／30茜ルート_8月15日（水）；LE旧译参考,kiminozo-context-20261009,173,context-reference,,语境用法参考，按所列篇章及指代使用；同形词在其他语境可另译。定位：kiminozs/23本編第３部_03_8月15日（水）/game_t36694；kiminozs/30茜ルート_8月13日（月）/game_t46219；kiminozs/30茜ルート_8月15日（水）/game_t46509；LE 184:1722；LE 205:347；LE 205:366；LE 206:333。
ＳＤ,CD,contextual,本篇／10プロローグ_8月09日（日）；本篇／23本編第３部_04_孝之の夢3；LE旧译参考,kiminozo-context-20261009,174,context-reference,,遥房间音响和孝之音乐相关语境；结合五连装、盘片、标签及音乐播放采用CD，与本段SmallDisk对应；不当作SD存储卡。定位：kiminozs/10プロローグ_8月09日（日）/game_t05868；kiminozs/23本編第３部_04_孝之の夢3/game_t36897；LE 216:66；LE 240:1208；LE 240:1239。
すりおろしナタデココ,磨碎椰奶果冻,contextual,本篇／12水月_茜ルート_07月20日終業式,kiminozo-context-20261009,175,context-reference,,采用磨碎椰奶果冻；记录已确认的措辞，不从旧表的磨碎椰果回退。定位：kiminozs/12水月_茜ルート_07月20日終業式/game_t09565。
テール,马尾辫,contextual,番外／30バカシナリオ,kiminozo-context-20261009,176,context-reference,,发型简称与テールランプ不是同一个词义，车灯复合词命中排除。定位：kiminoaz/30バカシナリオ/game_t02974。
フリーター,自由职业者,contextual,本篇／21本編第１部_7月28日（土）：本編プロローグ；本篇／22本編第２部_8月05日（日）；本篇／23本編第３部_09_それから数日；本篇／36あゆ専用ルート_8月18日（土）；本篇／36あゆ専用ルート_8月22日（水）；本篇／41愛美純愛ルート_8月17日（金）；本篇／500遙アフター_010OVA１話相当,kiminozo-context-20261009,177,context-reference,,语境用法参考，按所列篇章及指代使用；同形词在其他语境可另译。定位：kiminozs/21本編第１部_7月28日（土）：本編プロローグ/game_t15113；kiminozs/22本編第２部_8月05日（日）/game_t22158；kiminozs/23本編第３部_09_それから数日/game_t38700；kiminozs/36あゆ専用ルート_8月18日（土）/game_t59633；kiminozs/36あゆ専用ルート_8月22日（水）/game_t61643；kiminozs/41愛美純愛ルート_8月17日（金）/game_t73422；kiminozs/500遙アフター_010OVA１話相当/game_t77908。
写ってます,一次性胶卷相机,contextual,本篇／11遙ルート_08月27日B,kiminozo-context-20261009,178,context-reference,,相机与APS比较，后续明确用完胶卷送洗；LE与EE相关日文一致。采用一次性胶卷相机，修正容易让人误解为即时成像的拍立得。定位：kiminozs/11遙ルート_08月27日B/game_t08780。
大納言チーズケーキ,小豆芝士蛋糕,contextual,本篇／41愛美純愛ルート_8月21日（火）,kiminozo-context-20261009,179,context-reference,,语境用法参考，按所列篇章及指代使用；同形词在其他语境可另译。定位：kiminozs/41愛美純愛ルート_8月21日（火）/game_t74235。
恋愛エリーツ,恋爱精英,contextual,本篇／10プロローグ_8月20日（木）；本篇／11遙ルート_08月27日,kiminozo-context-20261009,180,context-reference,,语境用法参考，按所列篇章及指代使用；同形词在其他语境可另译。定位：kiminozs/10プロローグ_8月20日（木）/game_t07736；kiminozs/11遙ルート_08月27日/game_t08237。
紫のチューリップ,紫色郁金香,contextual,本篇／41愛美純愛ルート_8月18日（土）,kiminozo-context-20261009,181,context-reference,,语境用法参考，按所列篇章及指代使用；同形词在其他语境可另译。定位：kiminozs/41愛美純愛ルート_8月18日（土）/game_t73823。
マッッヅォーーン,呀——嘛——逊！！,contextual,番外／30バカシナリオ,kiminozo-context-20261009,182,context-reference,,变身喊声采用呀——嘛——逊！！；此处记录已采用表达，资源及安装包是否同步另作制作核对。定位：kiminoaz/30バカシナリオ/game_t02662。
検挙率,破案率,contextual,番外／10前編：孝之編；番外／20後編：剛田編,kiminozo-context-20261009,183,context-reference,,语境用法参考，按所列篇章及指代使用；同形词在其他语境可另译。定位：kiminoaz/10前編：孝之編/game_t00461；kiminoaz/20後編：剛田編/game_t02212。
キチンとしてる,会过生活,contextual,本篇／10プロローグ_8月11日（火）,kiminozo-context-20261009,184,context-reference,,生活／生存的连续对话构成呼应，不能单独定一个替换词。定位：kiminozs/10プロローグ_8月11日（火）/game_t06450。
「イキル」ため,生存下去,contextual,本篇／10プロローグ_8月11日（火）,kiminozo-context-20261009,185,context-reference,,与过生活的上一句相互照应，译法只限本段。定位：kiminozs/10プロローグ_8月11日（火）/game_t06452。
しけ込む／いけ込む,幽会／油灰,contextual,本篇／22本編第２部_8月04日（土）,kiminozo-context-20261009,186,context-reference,,幽会／油灰是前后问答的误听笑话，须保留完整问答而非仅两个词。定位：kiminozs/22本編第２部_8月04日（土）/game_t20976；kiminozs/22本編第２部_8月04日（土）/game_t20982。
こんなこともあろうかと,早料到会有这种事,contextual,番外／20後編：剛田編；番外／30バカシナリオ,kiminozo-context-20261009,187,context-reference,,语境用法参考，按所列篇章及指代使用；同形词在其他语境可另译。定位：kiminoaz/20後編：剛田編/game_t02497；kiminoaz/30バカシナリオ/game_t02826；kiminoaz/30バカシナリオ/game_t02827。
こいつの祖父さん,他岳父,contextual,本篇／002_1979年3月上旬～,kiminozo-context-20261009,188,context-reference,,建校篇前文明确说捐款者是该同学的岳父，此处呼应同一人；中文采用他岳父，日文保留原字祖父，不改日文资源。定位：kiminozs/002_1979年3月上旬～/game_t00192。
自分で道を切り開くことへの恐れとか覚悟とか全然足りなくて,不敢一个人出去闯，也没做好独自承担后果的准备,contextual,本篇／002_1979年3月上旬～,kiminozo-context-20261009,189,context-reference,,家里安排→在亲戚公司工作→转行选择→现实代价，支持恐れ／覚悟的整句理解，删除误写的度胸のいい。定位：kiminozs/002_1979年3月上旬～/game_t00263。
ミスター,读卖巨人先生,contextual,番外／10前編：孝之編,kiminozo-context-20261009,190,context-reference,,巨人先生指棒球语境中的特定称呼；整句需带读卖巨人提示，不将英语mister普遍替换。定位：kiminoaz/10前編：孝之編/game_t00355。
あに,啥子,contextual,本篇及番外／亚由口癖,kiminozo-review-20261009,2,adopted-context,,仅限亚由的あに及相关拖音、停顿口癖，也包括由说话内容可确认是亚由的内心独白；普通何、何か等疑问词按原语境处理，不把所有什么改成啥子。定位：kiminoaz/024大空寺降臨_01大空寺降臨/game_t00047；kiminoaz/024大空寺降臨_01大空寺降臨/game_t00049。
おみやげ,伴手礼,contextual,本篇／探望与来访带礼物的语境,kiminozo-review-20261009,3,adopted-context,,来访、探望时带的蛋糕、泡芙、布丁或饮料等采用伴手礼；旅行土产、纪念品及比喻等须另看语境，不作全篇同词替换。定位：kiminozs/510水月アフター_2001年9月16日（日）/game_t82402；kiminozs/26水月Trueルート_01_第1日目/game_t42976。
偽善クン,伪君子,contextual,本篇／第二部,kiminozo-review-20261009,4,adopted-context,,人物临走时抛出的讥讽称呼，采用中文惯用的伪君子；紧接复述同一称呼处一并保持，不照字面拼成伪善君。定位：kiminozs/22本編第２部_8月04日（土）/game_t21914。
精神的な上下関係,精神上的尊卑关系,contextual,本篇／遥True路线第3日,kiminozo-review-20261009,5,adopted-context,,此处说人物之间形成的心理关系，采用尊卑关系；不把一般空间或组织层级中的上下关系全部替换。定位：kiminozs/25遙Trueルート_04_第3日目（8月24日（金））/game_t40632。
